district_key,sector,scenario_code,split,split_salt,hash_key
34634,health,A,development,voice-eval-split-v1,0a0bbd1f899270fb0b458d2bda94810d29fe852d77087426d893f826df2772fe
10228,education,A,development,voice-eval-split-v1,195f475985fce8079c3154da90af989211126f89e37c2395be69cc9f190ca825
20349,education,A,development,voice-eval-split-v1,21736141e646471b4c6774d98a7a5ec22fa4148d17685efb22fdf1f75dd3c5fa
08112,health,A,development,voice-eval-split-v1,241f7f46eef24c2deb87ca2d79dfbd8a8c547a0372675c9c17b44a2475b9863a
09159,education,A,development,voice-eval-split-v1,257f5874af750ff3dd508cc321a2e8d917f6f782b190cde6e094108a8ce87d21
21374,water,A,development,voice-eval-split-v1,27543b073aa85f0800dc0aca68fe2968e1eb6b86edf0e6043b71aa4fa36e8912
06079,roads,A,development,voice-eval-split-v1,30fe1be0159098260534e0e94bc752240f7e24a7f99ec4e0cff029064539f2b6
01011,water,A,development,voice-eval-split-v1,3fa146e75421bbcc4a0116ed26903a737112d38e3a7785d9446cd7b918e20082
09155,health,A,development,voice-eval-split-v1,462a894cc1f3b6c1004ee1fc09b150693fe3ada33a11cc21151147bcdc711cc3
29576,education,A,development,voice-eval-split-v1,6d5df577534ae71225fabfc6a934aca9fd737e1031289a4c0595aac01711fc40
08104,education,A,development,voice-eval-split-v1,6d63d8d0778b11d8dd80e8f12887f85279f5b4eca3917a0a665c2a176d8015a0
14272,education,A,development,voice-eval-split-v1,6f3b52854fce230587d26ead3164bf84df11974755480927380c6b125d246629
01001,roads,A,development,voice-eval-split-v1,709f49a7bde5ef3572ef482789d44727816648fd4978968d2127127038f3207d
09163,health,A,development,voice-eval-split-v1,7131da0f4c127c61f9490871ff46eb29c0c3394f8dcb7ec1aeea3cfffb4d7f4d
08124,roads,A,development,voice-eval-split-v1,817fc43ccf59dc9103dfb5ccdafad04c1f1426284b6bfc85250afe0996fb3d20
18321,water,A,development,voice-eval-split-v1,8306ebc92b89bd879d75d7ceeb8ad5ff57cf70c87b1bba1d8b281e5548916b7b
21397,health,A,development,voice-eval-split-v1,845131ae7be8f8f4650f2128eb46d654168e040c97a3f28966deb655687f8f7b
22401,health,A,development,voice-eval-split-v1,89f2639610a5b39015126cec7e7e239f2a1e1b2e6c4f4584e772bac0de12a8f8
09176,health,A,hidden,voice-eval-split-v1,a5253b0137c1f3cdf42d28f7022705d1775af2426de8c6bfe4f255a0680ab5df
24489,water,A,hidden,voice-eval-split-v1,acc21a8bf39740ce89f9d31e4afdf6a1121cd0fc3650a30a3205d877048960cd
24489,health,A,hidden,voice-eval-split-v1,ae569b289a432544221a94efa20f5bd57ab6e2d23a12b90f766deabf5d50f219
05065,water,A,hidden,voice-eval-split-v1,cc012f10ba30a1d0c44077c0ef04922403e36e62725a8c48d2da493822cfbb71
23441,water,A,hidden,voice-eval-split-v1,cdd0408e02305676905e499ede885cebdd73afd5b634fa3898ba0a18d1a8f7ab
01014,water,A,hidden,voice-eval-split-v1,cf59c0132377185bf51632a97f88542d6368954a735fd351a483f849cff4b1a8
05058,health,A,hidden,voice-eval-split-v1,ef37db69a0c43e63720215efc730502ca5af9611d011a83b6ef27ed7d98e7aba
22416,education,A,hidden,voice-eval-split-v1,f0c4e2df59dac18aa93ff663fd1a77c611b05a213a408c7f23672de9cb7441cd
09185,health,B,development,voice-eval-split-v1,08a7db16a50040c111619461531c6e9abea007f102a972f9d31007385a0dd92e
27500,water,B,development,voice-eval-split-v1,0ebd52c8bec0ae840383672e11337d947a93f20219999b6411c0e7cb2e5ecdbc
08109,water,B,development,voice-eval-split-v1,2e8b04e6dc3b7e2c2d970ae995f1d3227ee161203b3d4a7422887ea3af6bb291
35640,water,B,development,voice-eval-split-v1,344dc6b2a9d753f42efec367967bd5c589dba5623110021e274746f4b7e30036
27508,roads,B,development,voice-eval-split-v1,47cdb46b78c899883863923b250da0da5fc44e1484ef9f2adf21700c2c4f42b2
10215,education,B,development,voice-eval-split-v1,57b166091949c73af30ccc885051bd93708b7bd6e598c7d76ae37b1e51de7fff
09154,health,B,development,voice-eval-split-v1,71eb2eb4e873cf49b8a1085a314f82961b85dd45b51fb979a1769a082cf1b200
19327,health,B,development,voice-eval-split-v1,75d28b92053287e8b3e7cd60bfef1f7ab6c173ed098d86ddacb17bfe426fd204
10225,water,B,development,voice-eval-split-v1,857ef420f798f378669553c80ab90a0efa545197b82c33c986337817fb2a0e6e
27502,health,B,development,voice-eval-split-v1,87bcd72cb87b27890b49851692fc6b9716205fc4de12cd6479d40b61997a81b3
09196,education,B,development,voice-eval-split-v1,8a8591a378f2894e89123258fdcb513014857052244d533daeed2d8c868a90c9
23448,education,B,development,voice-eval-split-v1,9c9d8e914af7ee213020d205bc116528b50316bce1af02254d7b0e8e15747d6f
23454,water,B,development,voice-eval-split-v1,a2f63f552e95ca0f006a0d48e8d8d44c0f03ecc097bd816ea28ffc43ca48ca6a
10203,water,B,development,voice-eval-split-v1,bd63ab259df6eaf5e04a45335ae3a605454926ed2302304d6515a8dc628b2ea6
08128,health,B,development,voice-eval-split-v1,c6bd7c30b429c7d5cd277f0d9771323e3484ddd627a84a438cbfd0bde7804f99
24476,education,B,hidden,voice-eval-split-v1,d11d1291cd0cd40d6a8dc6970b5d4c17b8dfbde23d0d74e88f69bc12fc3484e3
31587,water,B,hidden,voice-eval-split-v1,d214d2db32cdd624e4c85b14d6536ff7c8ff6f04ce30737d7f53e04116a3e116
10213,education,B,hidden,voice-eval-split-v1,d28e142b1e3c523e3ef231d3caa5f3402caf46e05609f2bc7fca20dca12b2bad
13266,roads,B,hidden,voice-eval-split-v1,d4d9a41a28935302da7f3efb9c3f9145767217c66286e3f74938a89b37a49736
09164,health,B,hidden,voice-eval-split-v1,e0c584b315a2f1b669877e565cbfd44b53799cf53fa279f62debfd5f93632f5d
03035,roads,B,hidden,voice-eval-split-v1,e227699851fe7531bb1b8e883fb35f93f360f8a3f74e7edf451546adc6422b83
29578,water,B,hidden,voice-eval-split-v1,ef0813cae2f04e4019c42f7464458610354d84c7e62c42df46c76e2a775a513e
09181,health,C,development,voice-eval-split-v1,0b2d29552ad16a7cb42b106a080d4afa6a2d8f0210f0ca594efda49ff64b7f99
08107,water,C,development,voice-eval-split-v1,13d619ba37e70b5dba99d3b4c9b25f05140353758b4f8ac413a672a16de12123
23436,roads,C,development,voice-eval-split-v1,2813a054fccfb25252e92c4b8b5ad3fd9a98c5d2b50da9da0a3d08794655e189
07098,health,C,development,voice-eval-split-v1,504bc3b16afa3da4f139b649844111187de2b643a5cbcb3a6dba4d330ac31dde
33609,education,C,development,voice-eval-split-v1,567c86ffa698795924d383d947321dabe9a587b1be41f81d3449bb24588c947f
08113,education,C,development,voice-eval-split-v1,59852d867243e9d2a1ed8f9f89546f7e83bd3171dedc78e4425b978a1e545d2b
08124,health,C,development,voice-eval-split-v1,750a26ccb307580cc4818ec9a931790aefa463c3b73cd84a459c91a6fd9bdaa7
10218,education,C,development,voice-eval-split-v1,815937248983e46ebe8cec6334ad31688608ea26776a4d21af4371bb0ec04975
23425,roads,C,development,voice-eval-split-v1,82956bcba6ecb0aca0c14a710779a490474f4f0c7bc4a4b5e09f0aa7490a0da4
06080,health,C,development,voice-eval-split-v1,8a43f15cf76802b4df84342a1b8ccdbf1d18de03d69c5c84604e70c886707c10
13270,health,C,development,voice-eval-split-v1,9abeea81520bb2dcb74fba21ef7e4c8914a5e5065e4b6c71dfc9aefaaa89eeb9
21389,roads,C,development,voice-eval-split-v1,a2e453e87cc9fdb4c2a04262fbfe26f99d7e6c32e8d10f099d0f311c42954c08
03054,health,C,development,voice-eval-split-v1,a6f0f00d189822acee689fe7663d5079936cb791d622a275d1872e7bb444c598
21389,education,C,development,voice-eval-split-v1,b4027142ce24f13c2cbf9aeef6913eec2b9efe74d323a29129b985ea45e971f1
18315,water,C,hidden,voice-eval-split-v1,b4233f46abc7e6bbb27ef1822af6089c6ca225d0d4b2aec0ea2a37d86450202a
14278,roads,C,hidden,voice-eval-split-v1,b74eb0fcb4392ab66ee51daa26c95c74fdf06650730258502ea2f7326ee21f28
19335,health,C,hidden,voice-eval-split-v1,cf69a528666124dbecbec86d7856c9b0c334e86cc5e36afeed88b9a5a48bf575
19335,roads,C,hidden,voice-eval-split-v1,d32a4c9e4b87d020f517827939291c6ecb57bca9ae03a740fc5dd998aac2623d
14272,roads,C,hidden,voice-eval-split-v1,e0349414e960e1cccb0afdaf0fa96f3b853f3e43fad0268cef8a9329806cf580
20369,health,C,hidden,voice-eval-split-v1,f4ce6a9e3337b2a45ed2609cebe75045a8272e59d6b2ed49aeffe7a4e171529e
10211,education,D,development,voice-eval-split-v1,012001b91224082375f154b8a10fe635d286bb41fbd5c36a66049725157149e4
16292,health,D,development,voice-eval-split-v1,02cdccd2193542cbb3c51f8e5e25ef5223af37555e10e7153814e3653c9918ce
29580,water,D,development,voice-eval-split-v1,056c583be93d8ee7f031b71b68600616ca22bc87c7712da01386bdfbbf5c7b65
19342,roads,D,development,voice-eval-split-v1,0ec4d4df5f6613e844759bef2617aafdc47c0bfd0b3af0f6a6eec247c72eaa57
21375,roads,D,development,voice-eval-split-v1,262b7a470dbad0e25848260d0188b5df9ab2fdb8ca1578745802c147fd2b0071
28547,education,D,development,voice-eval-split-v1,2a116339f94395f90cdd48f609d08032db11446f603fe72d09579daa1f2259de
17296,water,D,development,voice-eval-split-v1,2e8ec10b0fa8f7dbfc02024cc46915b78ae329df69a993e3e7c594676c716382
10217,education,D,development,voice-eval-split-v1,30708adb0b1f907dfb42b8df38b119b7bbb76e623141d6edd01522242ace1724
10214,education,D,development,voice-eval-split-v1,63323980057fead30b59a13fba66e6b0f03a551f2ccf1ff007f7597cf6063c91
23438,water,D,development,voice-eval-split-v1,8ddbc88e5bb8cb3aa0fe5509f897ff6fdc01676486e80d3a7563b993f36c35fb
24471,education,D,development,voice-eval-split-v1,a2b4ebab99149eb7b2730e91acb2ab4b012d44fb794429726322636586898e50
08106,water,D,development,voice-eval-split-v1,a44ef98834991082d04431d3736b6d80dae9e77df7c1aa9391e1b5a51ef4d4e1
14275,education,D,development,voice-eval-split-v1,a49fb911b837e15a46aa1425ba2820c2287651188a24b78f8b35406109a96b10
06081,health,D,hidden,voice-eval-split-v1,afe9fe544c3072ea6e7abf1e090d633980989f1e188692112f34acf5fd5c6ec5
23453,water,D,hidden,voice-eval-split-v1,cfafcc0d637a0d358c7deef9279a3b65f45e0c0b12ac1ff64938c23217acabdf
01021,education,D,hidden,voice-eval-split-v1,d48f4a27ca08bcf1e9a2be1ff28161f086f35d74bcd99a0fb559a9e5300ce57e
09135,roads,D,hidden,voice-eval-split-v1,dc17e2bd63d9aa143ba21d412c341b545bc6d95aeec0b806030d210591ecd420
09194,water,D,hidden,voice-eval-split-v1,f0d9a63809e0fe382a67d146d6c631935cf939149e8330c4493d515cb6043019
01004,water,E,development,voice-eval-split-v1,25c1e6c93d724fe1cb72980fbaa86ea60fc97f414addbf1d543935b8b1c4cd84
08106,health,E,development,voice-eval-split-v1,2b0708466a047d8fff948c42be931b918dd7a5d7fd6333770db9001db8475bde
13268,roads,E,development,voice-eval-split-v1,2c9228929a4dc12ada87f8f1642d7253968e78b3a89f450adc1fef65981d1b21
10216,education,E,development,voice-eval-split-v1,405d0e18afb771ffbea3b7698b677b50d5f402d8064337456b9e8c8d7087b11e
19343,roads,E,development,voice-eval-split-v1,40c16a7ac2c682a5b0b1fdb0319e80192e92897b753341287d105db89e264155
24489,roads,E,development,voice-eval-split-v1,4c09b1a3f29b5962813ed70b77445d8108500e74c21d328755cdc531b4fbce08
05062,water,E,development,voice-eval-split-v1,5666c7cd5ed159dc475ff82e550f7d579344936ab6856c1e02f1d3cea108df0e
12247,water,E,development,voice-eval-split-v1,602a05504ad67dca739c56485e3261e2175647ba8a5122feb91c8f5ac6f30433
24480,health,E,development,voice-eval-split-v1,6224dea458b7190ec7bc2cdd987e5da1e472e7c7f31ae779da6981103326342b
09143,health,E,development,voice-eval-split-v1,68a73a6dbbf6a67b3ba7ccf5bbaf826e7959e321d397e55716cfb3c9a947bca3
19333,water,E,development,voice-eval-split-v1,70ad1d005d711c542291be8e83fb3b33091159fa79824cedcc6b1d11adfdf276
09135,health,E,development,voice-eval-split-v1,8c138de9611cee52e09e7021cf892698e4fa4491e75e7fc15bb15a21bb43d859
14275,roads,E,development,voice-eval-split-v1,8fb7c5932d40e4acc7bcf931fa0a50c861b83a340f8325ff5a2897fe29d46293
06073,education,E,development,voice-eval-split-v1,97f6edfa87a46290f5ee70e077d6faccf12a2bb43a85c1adf148b997b9adb590
10240,education,E,development,voice-eval-split-v1,9df9785db40ed47796011baa74616223119a56f4699896eefc3f5add795cb1ef
27512,health,E,hidden,voice-eval-split-v1,a39b7bdb6c3a092ce5d391c1abef8cdf8149574119cde6e47e669eabd85ee99e
08126,education,E,hidden,voice-eval-split-v1,a7763f4f33864861d121a9d815aa4242fdf6e69bd8dea55f27df8c42a08c36c9
01010,education,E,hidden,voice-eval-split-v1,cb6c328e78ede0ab561723c590ecd75d4dfa13f1d5f03d865fe7a699d1fc665a
22411,roads,E,hidden,voice-eval-split-v1,e884244e12cc73b59daed242f768a630b0771a70a13e52048f119309cb424951
21390,roads,E,hidden,voice-eval-split-v1,e98782d11a7358705672bff58b3aa2ac58bde571d21ee67dbe8c5f0d39c2d266
21389,water,E,hidden,voice-eval-split-v1,e9c0964c8db77ce11d148ab2f53104f806b688905fcf9fe3f5d5d25b281a0d8e
23466,water,E,hidden,voice-eval-split-v1,f6cb91b025ab939418c70f3c1e355857fce7ced3f8b80b9bb8ded89c773eb040
27518,education,F,development,voice-eval-split-v1,14e2f19c843d678a9c83da9fc59547af79f90026ecbc8df5613d992c880271d3
28554,education,F,development,voice-eval-split-v1,18b402980dcd47a9770afeea6f8c92f01e10e965c143e2bf3f3cab33d8b32788
09134,health,F,development,voice-eval-split-v1,1d9ba20dbdaaee5efb9372f1c33e80ce4a86e6b3a68abf31af7b6f62f4c7aa89
27530,water,F,development,voice-eval-split-v1,204cc42bee04bbe4b455356ec36b0148b7342a12bca19adca90cfe0b249f885b
22410,health,F,development,voice-eval-split-v1,2058974c83330341c38cfbe239c139b05611228a9bcf6ce2ef2a6e0476ff9573
09179,health,F,development,voice-eval-split-v1,5061b0326878ca44836a575fe3b1419283428cb948a01f94b1b967e833557387
27521,education,F,development,voice-eval-split-v1,8e85dc75d4b0abe392d6ead045db4ba0fa7f9159d410242dc0f3e8cbe8b5fdae
33602,education,F,hidden,voice-eval-split-v1,be9cba1d3a4088bb75c269abb4ad98bb3a14ace47c80545a355cb7b58765e037
09175,education,F,hidden,voice-eval-split-v1,e3e377075736e0f84f7e02042f125f024212989a95fa1c1b2079fcc0b8e9440e
28553,health,F,hidden,voice-eval-split-v1,fb9f52b2cfe6befaf958e31cf603d86aa67288214bf80e323922962dde7fce95
22408,education,G,development,voice-eval-split-v1,05adae23e076fdb7fb18e31e6a42ad4b8022232f6d496edff413c06b5aab59fb
08123,water,G,development,voice-eval-split-v1,0886676850110fd9732cbedcdb5376f93eb765a1eb5476d0d78292f410206267
03044,water,G,development,voice-eval-split-v1,2b31414e62690cc21986bddc4c03d6ea61cb105afa969e896bb74a274d4f77dc
03040,education,G,development,voice-eval-split-v1,32e4e4167648b9b122521e0934d2cf51162664aaae8a56b73596c7a61db8b10d
09141,health,G,development,voice-eval-split-v1,3ac900e4a20df3963eefcf73fff01501d51640f6f0d2940ad4cfa327a9b4d8d6
03036,water,G,development,voice-eval-split-v1,48afe840db5e56cfc797cfaff68cda12e0b1c44ec26ff251c37636ce11ce9880
24491,roads,G,development,voice-eval-split-v1,51edf0bf22a4cd6baaa6a9154062cc8d2ac6934a089c9feae29b3d3d81eeae7b
20368,water,G,development,voice-eval-split-v1,5bc1672a6f90db5c8d27b7a0982021f23077a90a49e58b50cd269bf5b6791db8
22407,water,G,development,voice-eval-split-v1,687f386e0d451f1e108b9d720bc90a8a296dcb6f0ac397dcac389b079b801504
29578,health,G,development,voice-eval-split-v1,796cf65dca9d3d7c761d784a956f59a0721f55e381eb762c8f4cb54ebb43da13
23428,education,G,development,voice-eval-split-v1,95be3400ccbda991c1f5d9fed7f6f9ce6de49cab22bc9f6e1a610a339184e55d
20362,water,G,development,voice-eval-split-v1,a266aa8abbe8175543c4ceb9c9e25b89c1a47e47c6d27703345d14e53173b734
23431,water,G,development,voice-eval-split-v1,a61fc9313160efd73fbb0d3669d9d64389c0ed1dd0364c3b0a381065a59b7a16
13267,education,G,development,voice-eval-split-v1,a806a8f3cfeadae37ce37ab5feac6bf8d8599f9aa04bf6f0ecb1d62508e37877
23464,education,G,hidden,voice-eval-split-v1,d01c037236a964ebdcc1641b36e4487576fe26224374193ccf7ce4ee51ba7602
27512,water,G,hidden,voice-eval-split-v1,df85c4b45b55300221faaab30d64c020149ec35a41d867f7c3c448fcb2506365
12253,roads,G,hidden,voice-eval-split-v1,e66f30aba0aadd159eece8d169ca517e7ec3afe8119758b4081b9f522911bdef
23426,health,G,hidden,voice-eval-split-v1,eccd0c6c6ad3267a533cd9a1af690963e008dc6996cfc09726d55c965f41ecca
32599,roads,G,hidden,voice-eval-split-v1,f418108c2a657cac2081900010460c86b1d67c675680e104ce13bb1804f9a734
20347,education,G,hidden,voice-eval-split-v1,fc8dd296c23d52dc934951aab75774b53fa34678f8d5c0363dbc447adc306a5f
33620,health,H,development,voice-eval-split-v1,00315c5ceac9fd7183c502df555713673832531f714b0074aad286de12d32b45
27515,roads,H,development,voice-eval-split-v1,01e43fb50632d31391c617459a29b8d3b601549b3ea019463447426628bf80bc
20348,water,H,development,voice-eval-split-v1,071ad238ef8c2ed7b3af25c43025b2de0c130f947be95202f2193b1c1f86b54c
15281,roads,H,development,voice-eval-split-v1,1c16254701a7d43ee066fa06d2b55bbf7b3ad3efb4d9d050f4c9960330463f39
12258,health,H,development,voice-eval-split-v1,1f869907dd8d78794a5c5c0c13cfc891b7832fa987c944dfa3bc4c7bc210f57c
06076,roads,H,development,voice-eval-split-v1,26c6c257a21ec8bb869f59e3d6fcf52ef83faa338ffb18b174183ee645cf6f43
23437,water,H,development,voice-eval-split-v1,2746df42e259e5ea984fb488a4cc60982816e1b7eb6d00d5033d9958a6773912
09173,health,H,development,voice-eval-split-v1,27f52ca91bd8ffa982774d88499510c4e182204302f29ea909af0df40d73d336
03041,roads,H,development,voice-eval-split-v1,2a6ad02e35062d21ef9cd67bcf11a80eb063a5897cc72426262d2e5e559cb0ba
12248,education,H,development,voice-eval-split-v1,4a06ea20166e860fbda553fe6e8cae1b238a897f36d46231b1ff07db405943d3
18316,water,H,development,voice-eval-split-v1,4bc9cad95e0229ea6c8d6cdc14b96a294192b071ce1d83c11c47195036d39d48
33612,education,H,development,voice-eval-split-v1,55f83faadda7db505a73e044be596e255cd2de5237e425db748aa9fdf821435a
33608,health,H,development,voice-eval-split-v1,5911197561e5cf8f4225a76e119aba38fe105688d8250342963f38b75638a0d5
19338,health,H,development,voice-eval-split-v1,61a6780ca38ccc90a9277450e56e50057e15fbd3ada709269a7c7877b1d612b3
30585,roads,H,development,voice-eval-split-v1,63e3f8e1e008902e5963054c6c872dbbf84b6ee5b3dcb38a83268e94d6aae07c
10223,education,H,development,voice-eval-split-v1,91330c33ca215b2423a29384ed846caa8a08cb9ee81a6ff7dc6a2229fea4e71e
19331,roads,H,development,voice-eval-split-v1,94982011a41310c5d63a20543879d0ede5a4afa49ce4fc8dcda46d495682aeab
06074,roads,H,hidden,voice-eval-split-v1,9b1b6a4e177ef2b54fe6eb219f19e6eaf0004c039159563b186fb6d6945ce2de
33602,health,H,hidden,voice-eval-split-v1,a24d6ba5328443d85c59e6ee6dd1f8ee889fe7c09c9b01c8d9a64c97f93668eb
09152,health,H,hidden,voice-eval-split-v1,a7be2c50d96dd4e7cf31a7f32a13217534351e192296573d9efbbb7aed6811b0
33627,roads,H,hidden,voice-eval-split-v1,b0cec34b1df111ece4ad7ba581e5899b7ffe79a5a601eeae0d0868de9ddfb316
03040,water,H,hidden,voice-eval-split-v1,c0082fd944ee4d1dbb165b547663f27c00f76a671bc7a5e8fd0bec1bf277ab1d
23424,health,H,hidden,voice-eval-split-v1,d6e27f322329e27e7a1069f94fdf1c821fafcf574bd52466d81a8958ec44a25e
23440,water,H,hidden,voice-eval-split-v1,f330b2d733059522728c1441f2f2d8697536af328fd1676af80f534c6e7f71fd
27522,health,none,development,voice-eval-split-v1,0011d934cf643da5856da7225913658bb2ecb094b6846b1e0ba6154fb8a5f6c8
23451,health,none,development,voice-eval-split-v1,001fd8654da5f5fcf8a1916ceab3b6afa0a2d7b13f66d8051a8aedffa2305561
09142,health,none,development,voice-eval-split-v1,005fe9df143028ef66a9ae517654daf40db83e55d4c9b64d63fb62c720ad1158
08108,health,none,development,voice-eval-split-v1,0094a819ed78a551165b412e902357395ec393e43fcb56b4699bdf25dc2a609e
21375,health,none,development,voice-eval-split-v1,00d6fa66d0e449e094c956dbba661804d9e3d70bb2053500a6a4f844adc7f1fd
12253,water,none,development,voice-eval-split-v1,00e349b65869b8961a344612bbb4a25a74e901f09ec70863e1a16f034e807e3b
27498,health,none,development,voice-eval-split-v1,01089da756cd09515953e108e487c4230af946bfdb55dc17d552adbf413a7ba0
06084,health,none,development,voice-eval-split-v1,01136c28fc310a2bb86a71c90af2f55b8a9c031f831197d2057c82003b6d9bbe
01003,water,none,development,voice-eval-split-v1,012cabd0cb01a325bf35e074c618d124130b2af23682b8a0b2e24f0c3ea62a54
14273,health,none,development,voice-eval-split-v1,012f0715d7737b9e9701a7e917dd798546bcbba40ea8459ea392022d3c65525c
09158,roads,none,development,voice-eval-split-v1,016a094624903d549c4dd683fc552c1d7734c9602ab21e963f6ab47df4b7ff30
10211,water,none,development,voice-eval-split-v1,0175fd9c95d0f09057d4055d87ac07b6170960f7d81d361b9d7c23873fdce332
23436,water,none,development,voice-eval-split-v1,0189e0046a58c3f6aca4f06960eb0a3f7c85112986f8c7e0255dae3461e5f74a
12258,education,none,development,voice-eval-split-v1,01bb3b9b03c44c41e6971c914c862c7a2efbca868338b48e2e9d2426c2d13c44
24486,water,none,development,voice-eval-split-v1,0209c2ac71a5b20669c9f3e538b8b7480c151a9905372ccc7e7ea8eb5d809c5e
23421,health,none,development,voice-eval-split-v1,0217ec67c0906ece8ca60c552b25b31c8d42263ec69b303f251d30500ddd61ab
12260,health,none,development,voice-eval-split-v1,021fbe1b64e157fac57bc4a92834e81fc24fa775a9687b35f063dee56e1d969e
28553,roads,none,development,voice-eval-split-v1,0248c41f445d28e915fee59cc4932611908a25688e2005dfa2c843fc08b73bf7
23451,water,none,development,voice-eval-split-v1,0252505d09ca394817bc511d764cf1520b6add315f782e37e7cafe802d915fe4
27510,health,none,development,voice-eval-split-v1,025f4b6123a6194917bb8bd62dadea6a0e6d71b842e29d31cef3742f82325538
20355,roads,none,development,voice-eval-split-v1,0267cdcf9858c08e1bdd93009d00a5a824239adc5e7090542019f8c9c4835996
06072,health,none,development,voice-eval-split-v1,029cb8de73986b0f29146fbe231b47814ea382f8e4156ca60cbecf2015750412
08100,health,none,development,voice-eval-split-v1,02aec38bf166a4bc229ab64fb5918200a757694fea99b01002c71db5b3e0e3f8
28543,health,none,development,voice-eval-split-v1,02cdd090aa243a493f064aeb99f7b0425558b83d2eab5d8eaac79789f93c6355
27504,roads,none,development,voice-eval-split-v1,02d8259e26c0af611c99a55ce24f29af7c70fd20882588c739eab83d96d0b6ed
12254,health,none,development,voice-eval-split-v1,0340e9f887ffbb74d2c14b941e2905354db169a87f7ebc0f666cef275f4f8530
33612,roads,none,development,voice-eval-split-v1,036ad5bc49759154413f9c29a11cdb91ee9c3ed9096a90a442356dd820c396cc
33607,water,none,development,voice-eval-split-v1,036c436f8b674433c590a0521889586b0cd3623f9e6db5ce234f503935b53537
15283,water,none,development,voice-eval-split-v1,03790a02e264c3c0fc7249d3d11d7524d838b4287b6cb973518b4ea6d64db399
06076,water,none,development,voice-eval-split-v1,038d7e63f92e6c400341e539fbbfaf2f83fa1361efa7afe8d2cbf558f4fc6087
16290,health,none,development,voice-eval-split-v1,0395c14bbf7d35d799a28d55db739afaa63c6832f571c97a0bdca3615e35eb80
01009,water,none,development,voice-eval-split-v1,03dab7417c62fbaf5cd14b620341a73b2963e72e67fb1856069e0ff4a0068cc0
08119,roads,none,development,voice-eval-split-v1,03e0351f72f5baeb0ecfce52d1eba8567a4f837d459170b57855cd594665108a
09195,health,none,development,voice-eval-split-v1,03f23fd8e2fcb4d1a781eaefae3c73c495fb197b8c85d2b7cd55a11419bc4758
09163,roads,none,development,voice-eval-split-v1,0403abd22643371b77c659656ed0ab5a2bfce5d62ac51f21de7e9c235bae145a
10225,education,none,development,voice-eval-split-v1,040bac30c7b0aad28c2d7f291922ec5eb537747fd8c3e32b486dc09a8fc48f27
33606,water,none,development,voice-eval-split-v1,040f5e4e1c2580af8467598ceb1e9f951fc0769d63220bf75844d493c4967f4b
27506,water,none,development,voice-eval-split-v1,044b98bf6d842812d58216e2d622b0a15118f4c0f48cdd4522e2d87fcd37e5c4
23443,education,none,development,voice-eval-split-v1,045c516b80c8f44944ce2a4b2133ec03aefbd5f17241890a689d928c18c093e2
18320,roads,none,development,voice-eval-split-v1,048d65ae20ecb7bf83819f0526fd278e9f2c479844dec1b235ce6adf4dc11eb7
12255,education,none,development,voice-eval-split-v1,04958d6df98a0394e71b69715c77447cdc72a940f245fb9507f77257527288f7
09155,roads,none,development,voice-eval-split-v1,04b6a071d983fb47f7623751f46a12f77fc718083ff97a76e5e2b92a1779a566
24492,health,none,development,voice-eval-split-v1,04df52441c68933b2c4d390bbe2a73be1c7d11fb5bfeecbaa6b95c1cc3428763
09171,education,none,development,voice-eval-split-v1,0508abc3fe659b9aec12cbec6b9345c257f03c537623340a34725e9eed1e0360
13267,water,none,development,voice-eval-split-v1,051aa045f64c67dbe3a85ea511082514f10f3af97190ecaa24b39615d33fad83
18323,water,none,development,voice-eval-split-v1,0520fcad0e8adb0d04d0c20bee61f355f07b8899fe157a1ae0acf7e3f01851e9
01020,roads,none,development,voice-eval-split-v1,052e7df4bfa7f4fa928f3144c319d503200b0c9e3473e27149c9272c08482e00
03039,health,none,development,voice-eval-split-v1,058037f718c9425b4977e906483c4d612e3652a308adda16aafda70586b88d47
06076,education,none,development,voice-eval-split-v1,05db9f61204678981d32b3682f850a96238ddab1e26848938d6e4da12a38f32e
26496,water,none,development,voice-eval-split-v1,05e890972048e9a43ec66a83a7d1000b61241db1dcbef258e61712274476a44e
14277,water,none,development,voice-eval-split-v1,05eb68174b6e4b6642a1f8702cd553d31f6767d39bc76512387c140cc5445d5d
21385,health,none,development,voice-eval-split-v1,061df1ce039ac91bf05191630ed1b687ae4f9dd0b47c1e42279390e0eba1507f
24477,health,none,development,voice-eval-split-v1,0642fad505535ae4a2edc43a9155ae3a3dbbf66717cc03c1c2a0ad0526073272
23421,water,none,development,voice-eval-split-v1,064589a31d2aa82cbdc0f52a53d54cedda6eaf27717e023c52a70433e59899f4
08101,health,none,development,voice-eval-split-v1,0683c3ff4e796110196fea3115b67d2f040acf8652219d51df609cf2682e99b7
23442,health,none,development,voice-eval-split-v1,068598a76f9a68f6fb73b9cc41f70816cc656c5713ea7a20472eb24a93471b69
23457,education,none,development,voice-eval-split-v1,0696d73a67ac94bbc498515eb625c48588719e144dc2f8cf509e34b47e0f90f5
27529,education,none,development,voice-eval-split-v1,06c9995ce87b31799b0388dc1c547b85914dbf6dc481192ad6e986f63cfa64c7
01014,education,none,development,voice-eval-split-v1,06ca1d0589ef9f42a658fa6848ae2482217f0c0d7122d6e4788d9c3221cc2db4
33621,roads,none,development,voice-eval-split-v1,06d70e45c1d2287ede59f96b4f8b016f20c1c20ab62df4724a01944962bfda78
27500,education,none,development,voice-eval-split-v1,0712c8bf0dc6fb86fdfb41563c10958acd267cd9854755da0442d29e2ca553d7
09165,roads,none,development,voice-eval-split-v1,071ee562385ec5548674411c2aebd7bc4568732588d94f960aba27ff8f1b3a2e
01020,health,none,development,voice-eval-split-v1,0725e622886f6b4f556e2753df35f6a18c2bde3bdfd62908650c4afbae8d1248
27522,water,none,development,voice-eval-split-v1,0748fdeb478bccc84fd9f7c4e52287638ca50c5c7cdb7e8532d3f49e07bddcf9
34636,education,none,development,voice-eval-split-v1,074ce1e39c529c337a6577f273325d30fca737eaa8ef9762832ac13dab99ddb8
29556,health,none,development,voice-eval-split-v1,0780ab90ccecccb0ba2a0c417928e4ab14171141109a3004dde02a1324b1d330
18312,roads,none,development,voice-eval-split-v1,0784b85d7fc8e09bad555ab35759321b2b890bf217ce7547fb3f87c7c3b4f8ee
07090,water,none,development,voice-eval-split-v1,0793e5d7fba8bf967620e70394a02978a16a436559c709fe4f186c50b5083677
24479,water,none,development,voice-eval-split-v1,07b725f422e3d562484f2d130ca2b1933e5c4f57e7b324291b15284d648aae64
09193,health,none,development,voice-eval-split-v1,07cfae516bdf03c468bdd351a647c47fad1320b28a406160c4f84bfc54f029fa
09158,health,none,development,voice-eval-split-v1,07d3cafa4ca76a2f19d0be6722efdd4ccd1a8e567296a3a509ebdfc97bdf5a61
06080,water,none,development,voice-eval-split-v1,080d70074f10ba94a7411bf50b077b033d99a7c2d16e9621987cf881bb9f6761
23421,roads,none,development,voice-eval-split-v1,0846f48f60bf22401d0f80b056d2560fcb1ecde312c718494dd27c136f84de5e
09156,water,none,development,voice-eval-split-v1,084dfeadfe32e6ab6ccb68b30f0ea54b1492a8aaae5e5b4b2aa5fd95575edfaf
18310,health,none,development,voice-eval-split-v1,0884cf4feba3cc279a9952fe018410194d13ef5f467999a3924fa5d560c3e899
10220,health,none,development,voice-eval-split-v1,089012ca6d7b9e742992b49a3c51c6fd0669bc92de86b1d21f44d0ece64d273e
10208,roads,none,development,voice-eval-split-v1,08bef035a0f6d83222db6d00874f849ef13738cdfd520d670a6c841fb991cebb
23425,water,none,development,voice-eval-split-v1,0907929cfdbca0056f5fe54884f5796874e2174cc1267caad41fa4c1df3edb84
32600,water,none,development,voice-eval-split-v1,092ed413f7457ef344aca10df37d1b42129e8e8601bafd36dd286cee4225e01c
18315,education,none,development,voice-eval-split-v1,09797276f6d90204bd4fd3531c446d3971b9dd4af292d01de2fd15fdd41474b8
09192,roads,none,development,voice-eval-split-v1,098fe89dbdb5f0cd54d4abbaf02549732a6b75a5107efa660e14b9ba60a8511b
20359,education,none,development,voice-eval-split-v1,09aa8f3e3823f8780f0e41c53361c5b5e1a2828802122ced609dc8664ded7be9
08125,education,none,development,voice-eval-split-v1,09db6818cb6c2fac6ab0b90ed477bdde8bf5f81a76a306b710cb53d5023fdc48
24480,water,none,development,voice-eval-split-v1,09ddfbcbea0c7c73ac63865687f0e1e323dbd8254b15ff17c15b3d11afc0e1f0
35638,water,none,development,voice-eval-split-v1,0a2485c9af6fd8cf577159bd43d18c5c036cc173e1be7d84a93e9e25fc5b34da
33616,roads,none,development,voice-eval-split-v1,0a641c99e3254d55eac17fa6026ad2db1e97b39e47f2e2721e7957a2ac38aefc
28532,water,none,development,voice-eval-split-v1,0aad1a05ee4a85cd918586219da9dead2f14f486f563d910ac3b5a60e991d457
15281,water,none,development,voice-eval-split-v1,0ae32666f09ec89e889ef2236b1afb207260af350db6098648e8cacbb4f3156e
03043,water,none,development,voice-eval-split-v1,0ae72582325446b267179cd95bac56de0de92721a7a6b26af7f2ad1e09a7540f
19341,water,none,development,voice-eval-split-v1,0b3ddb3544aac54ff9aec3d416d9cce5f259b1d2a0fc483e9821ec0c13fb30ee
23446,health,none,development,voice-eval-split-v1,0b5c725fa1707d69f6bc35c735359ea46c9cafb917fe09b9dda034e362fb7778
21378,education,none,development,voice-eval-split-v1,0b60279d54f45b8aeb6b2e813671db5aa68c86be0b66278f0aa8393b81f10987
10229,water,none,development,voice-eval-split-v1,0b62e1576583bd9c83cca547732f578b33f48e707953f242ea3f4879b3cf82ab
29566,water,none,development,voice-eval-split-v1,0bedadc9d2a959e0ea953f9d2e57bfb20bc2711bf703edb5a9f07b276bae6566
33602,water,none,development,voice-eval-split-v1,0bfd7718569084ba13761390fd72df14e19727708e6d08ed6ba123146e9d0f0d
33629,water,none,development,voice-eval-split-v1,0c02928906214e189e7551233193b14491b81f4ec6894aa05f2584225f2914e9
11244,education,none,development,voice-eval-split-v1,0c02aadbc175568a2311bae308304ec65135d62d3de9b30b51073bb28151f3b7
19328,water,none,development,voice-eval-split-v1,0c07ca78407c1299a682c5f567bd093a80ca6b8042c64e13b357106958245361
33622,water,none,development,voice-eval-split-v1,0c247685bd29015b610397b6792a0bb5618dd4465ca63062cd1aea8e21e060de
23426,roads,none,development,voice-eval-split-v1,0c2863d67017a23d3a05581de4f602233297cfdb75372f1e9bf6ace65ae9cfb2
28545,education,none,development,voice-eval-split-v1,0c3f250920ec09879784e0db2ebb0a03787d9e87995345b3debe19d94316093e
27510,roads,none,development,voice-eval-split-v1,0c6630e06a4eaeb934f56d035f4d03f1ab85c8ead7fd94195113c39610e42fc4
08114,health,none,development,voice-eval-split-v1,0c7a0e6d5a7f951ad452ec7e87276e06c420233f836a22176db6954eba9acb9b
22409,water,none,development,voice-eval-split-v1,0c82405972ca51bc40c5dbfbdddcf256146e38935d08b24220a151ee724e6d6a
18324,education,none,development,voice-eval-split-v1,0c8ec45ab64a51122b43664742071eb2ebf6054ec0ee14ff606e7801e47386dd
09145,health,none,development,voice-eval-split-v1,0c9d9450e84eb1ff5a5e8af5994a1f929bcdf737862418b44b2b6ef39969e218
24474,education,none,development,voice-eval-split-v1,0cb5dfac4e234496556ec3f63c8b9671b512c08429e137529e6111d20bb28eaf
01003,education,none,development,voice-eval-split-v1,0cb87529e1d51dc4849c205d5c28db4aa4ba82c0edcf3cdeb65d58d19e4dd6d0
29582,education,none,development,voice-eval-split-v1,0cbd630d03f54dd9ce0cb90de7e6e7657bd415b7f732ee03d84f1e64d4f0895a
22404,education,none,development,voice-eval-split-v1,0ccd7bd0247b30809ea0c4db50160d41251d1ca67fb865759e683114274e3f3f
22405,roads,none,development,voice-eval-split-v1,0cd240c37487f236b5b7e75841b0c4ff44db6f16e12502fa7b306dc1281bd633
09161,education,none,development,voice-eval-split-v1,0d4805eb33f01f221b9588c4e40d5f31f0317660a1dcef26cea88b66644b4eb5
21388,education,none,development,voice-eval-split-v1,0d5b6b4cea0d10d24fdedaff366059154c22025bd35b166fc5668df02c98970e
24470,roads,none,development,voice-eval-split-v1,0d7cf81ec16322894b11d6ff3409e631e7e4e809c6278688a7145753fc53d168
22401,education,none,development,voice-eval-split-v1,0d7d49f05c636d117e5ad3360c1485134075127840671f5c383a088c000f81b6
23457,water,none,development,voice-eval-split-v1,0d8a06bdb136bc53f45d363b8a4ecb827fba77e308aff945fad70d1328f0c247
03042,health,none,development,voice-eval-split-v1,0db461694b26450279961048bebc8c93e508529c11888f1a35573229ce56072f
33628,water,none,development,voice-eval-split-v1,0dd30c0f2c847b596be0ba207eae7a306e16b9102683bc329e8b74f242726ac5
23435,health,none,development,voice-eval-split-v1,0dd97edeb6af49aca1db370e4be6ae5d4709132452816d3eb7069dd3ec78297b
21387,health,none,development,voice-eval-split-v1,0df7d86c127a71d232d00193bbe47bc95b18f5eb685a03566a3be5677e76600f
07098,water,none,development,voice-eval-split-v1,0e26fde87c7ce8fe71017c6dd8ea82f5416d45fd56b531846124779cbc0ea8e9
23442,roads,none,development,voice-eval-split-v1,0e2bef4da8d5b97e2f5bb569be6478e066ce4d0144a072052f6e0a6bc9160328
09135,water,none,development,voice-eval-split-v1,0e332ea2f49aeae1ecc5b4b179db1758ef1bb005ca36dc1b18aec8f1963f631d
32598,roads,none,development,voice-eval-split-v1,0e3700e04cdf193e0f1af2ed1e7da71738f04f200c6b381abacdb63e2f35a126
08119,health,none,development,voice-eval-split-v1,0e41462c8fa290f6bbd86ab4f03c78389bf7ea47465bd1e86e2fdc6f7b251bb1
15283,education,none,development,voice-eval-split-v1,0eb1d9a62b442ccf18346579fdb88e39a6d86f4a3e69702166420733dc0bc484
22410,water,none,development,voice-eval-split-v1,0eb28ca53841bf12e60248bdfbc8eb4939f3e4611efc11e632d3e2fc4451259e
32598,health,none,development,voice-eval-split-v1,0ed337d51fbca60b0d23d9e84f88cf69762a86f2e531c89610cc53d044601374
09182,health,none,development,voice-eval-split-v1,0ed5788cf8b74fbad66e18a1d162f84428f9a49ec87d368971cc452b6110e3f6
09202,education,none,development,voice-eval-split-v1,0ee197ab83c726e4150714e982f48774fd25ad0d78df8efbb266f353cb41a8d1
12246,education,none,development,voice-eval-split-v1,0f2a388fe14ddb1f8297fc1dc70068b9d5f15b47262d5bbf510b62ecd7be0820
19338,water,none,development,voice-eval-split-v1,0f35382a641db8e992f64a805347704ac7308395282de5cccbec45bbad495516
23431,roads,none,development,voice-eval-split-v1,0f4af696a241a33bdc0978e4a2e73b16982cf58707aa9b07fd27a904909f1a6b
22400,health,none,development,voice-eval-split-v1,0f6719b1392ca0a37fe093d5202fd2cd6efb76368932d6a7d4aaf7d4f571756d
09144,roads,none,development,voice-eval-split-v1,0f83f6162e14de7d67d76663cec6e234d4343ec38a00362299d3a72efd057520
01018,roads,none,development,voice-eval-split-v1,0f85e00739f1e8b05728195b0a3c20d7efe1ed71ac56e6e2d07bd395d7606784
28544,roads,none,development,voice-eval-split-v1,0f91c75713f4811b55b948c4c8b3f5bb30a194dbfbb89e7b95cae914872a6ec5
18323,education,none,development,voice-eval-split-v1,0f9a7f1bc6deb8e56bedae3f23e36568c4ff51ae67bc1179248c1a40a3aa4cbd
14277,education,none,development,voice-eval-split-v1,0fb89fd5905a582edeb300c6639959eb6e8210679173143059a34aa46889d752
03049,education,none,development,voice-eval-split-v1,0fee042f51b541f711a59df75065af448418976da9d5f2ee8eb57d4cf9a43a1f
09154,water,none,development,voice-eval-split-v1,101fd95fd163a3a820fff207274f548d11e6dbc6ff4ea32a3bcb202227effe41
23450,education,none,development,voice-eval-split-v1,102aa1b1a0a5f3a6de394b9d0912289ba3d827059925fbf441673590fde24d2a
21387,education,none,development,voice-eval-split-v1,1036d798805aa898f9a2c358cfb06218f42eb8af163f3577386f5fea00f59b11
23444,education,none,development,voice-eval-split-v1,1037dfcc8817ba9525167a9c5e173790775eed2153b10712ebdefed03df06da4
29576,water,none,development,voice-eval-split-v1,104405aac33f339d1464f0f141a3902cd9a8b0555cd99bbd0fc1dae2a7d0bd77
20360,education,none,development,voice-eval-split-v1,1063a403669d5838f32a9107504ded224bb1a64b197f6d1603a736c1b9849bf4
27530,health,none,development,voice-eval-split-v1,10c71c1c63ff6c9b68ae9225418c24688b9206a3a0ed923017f4a0f8fc33ab3a
10209,roads,none,development,voice-eval-split-v1,10c8e7dd94eb100ab22ba9dd2e826e80c5c89c6aca2aa6af1f8fad476a65af11
09177,education,none,development,voice-eval-split-v1,10d049cdc1b9d7ee31d972e10060d294e802435674f56db9b762a6f92a813ed2
23466,health,none,development,voice-eval-split-v1,10d33547bff2336e504f0c98992159b4b4874b83bf5b6019669f2dc9621832f7
08103,health,none,development,voice-eval-split-v1,10d9d204102eb8c1063dffa1821123b4f7cc7ddec6b6f0d55fc868ad95c181d4
06074,health,none,development,voice-eval-split-v1,10e5fba324a88f11c054179a9cba5d134eb9c0d23ae1432f82407d5f50906708
10218,health,none,development,voice-eval-split-v1,10eb6ce27be81d724ecab3d45578d069d075c32a9de7b4dee6ad0ea673401667
21393,health,none,development,voice-eval-split-v1,1114d1b64ae16a94fa78b456ae98facaaf6eb9ebf5f88f97b12a8c20a2dc07fa
29559,health,none,development,voice-eval-split-v1,11251ef6eea6763f43d25c5fb243cbb949a65f76684b4b4420088d0ceaab97ed
28543,water,none,development,voice-eval-split-v1,1148427cb0bfbebbfdada0ac6c73a37a6401716d8228a66405dc52b4cea175b7
06088,roads,none,development,voice-eval-split-v1,114a3460620ca7c6d0c28053bd1b69020bb418588c9eb97d9663596ef09680d7
27499,water,none,development,voice-eval-split-v1,1169738f37962c6b9c6177fa71581fc79c5350ee3671276f480a8f67839fa508
22401,roads,none,development,voice-eval-split-v1,11911db76254b40eea436210dd8433381931a4062355e5f0e324dabe989e81c0
13270,roads,none,development,voice-eval-split-v1,11b6ed34725d231bcf95f432aabc593589515cf87713f31b0c679da52c8cc357
09193,roads,none,development,voice-eval-split-v1,11e0fd279ca3bd9682a83a32e6311063a725ca095112542fe9aef6252bc5bccf
23455,health,none,development,voice-eval-split-v1,11e1a8813aae161e74771cc66cf25c24e45ed22f9d08bea60b7010675b900815
27523,education,none,development,voice-eval-split-v1,11f7edc04f158c0d558a43d914bc0569edc2555eb04f72e75823e37c6b6c3c65
34636,water,none,development,voice-eval-split-v1,1273b34c9d1a93658bbfb8d8310bbb3235f5bc50edcdb6afe44f17abf304c329
20354,roads,none,development,voice-eval-split-v1,127511c64f70fd1e20105cc93b1c87ea7019ab9813788f3359d472727ef5b756
12250,education,none,development,voice-eval-split-v1,128ec965d9251e5df46e6c7205e164c87c7f17602f5d0ea7400a3cc3e0996b17
32588,water,none,development,voice-eval-split-v1,12987bf7e527ecbd75946753f372b1c69e74ca881ae36f81f116fbab8bab0917
20363,health,none,development,voice-eval-split-v1,12bc8d22a31b03424efc3ad6706d335a9d56751e5e2841170bc1cf7abab7e590
09201,roads,none,development,voice-eval-split-v1,12bd04656399390bf8ed99927e16a9a6fa1075fc365c1a4328766d5641fb7861
15283,health,none,development,voice-eval-split-v1,12fdf6244b7d113995abf82af9ca8a8eac8ae2fc6a17f566adc3a44acba3d7ca
33616,education,none,development,voice-eval-split-v1,13128ef5fb6f4945a0c4a891b0944bc5c5426abcdb01af5284e66361af81b10e
05066,water,none,development,voice-eval-split-v1,13229f287fa3c21edfbe159495c28df7f04fb72b1882ace7d5ac3678011bb751
21373,roads,none,development,voice-eval-split-v1,133aa2f57ada73043e85812879bb0700dfcd24bf3c531056f313377956bc0436
01003,health,none,development,voice-eval-split-v1,1384e0c1b1eabf3d0d366f10bbf28bc624908f46f9cc1adee1ab5dc2b0d50805
32599,health,none,development,voice-eval-split-v1,13fe53df61aa19b4d3ae81da321d30727ffbc323b11f5fe37938481cb34f53af
09143,water,none,development,voice-eval-split-v1,1424250e574c4f36cad1cf8be51eeaddbb2c4d0d0aa68adb2dc145f4683939f9
10232,water,none,development,voice-eval-split-v1,14291b47ff267bd0e9cfdc43e245cd32c5ba5d1fd7ab1bd99734d70f6674b95a
10208,education,none,development,voice-eval-split-v1,14294eea177cabb605cd998df64a674997816691ea09678f0d15fd30a2a0566b
11244,roads,none,development,voice-eval-split-v1,1477ca4af95ee5d98cc4d2a08837aef42a8b534ca3977693d5333b470f6dbfbf
08126,health,none,development,voice-eval-split-v1,148d4e5a960508c3b37bf728506525707de8d28657534bdb0e5e5a281ba6b1e1
22404,health,none,development,voice-eval-split-v1,14aaff35d2025c5a85848e4ce423b037e58aca4cbbd1c3b2f053c4b6d0f49b5b
10210,health,none,development,voice-eval-split-v1,14ce40b806d736d1ea7a0094602c8fed117d9089a32e6a4c0ca7370d720a1607
12248,health,none,development,voice-eval-split-v1,1520fccecca723b80b17678eac7aeefd0684812e0a329475d352e1384198c3e6
27512,roads,none,development,voice-eval-split-v1,158b294636be5326833466cf71b38d131495017be42f4a016211a6e4e34e848b
28542,water,none,development,voice-eval-split-v1,15bd42c14d67310ddd3c93644f36a74b0ded975dcf7ef91df6805c6335578645
10216,water,none,development,voice-eval-split-v1,15f844075644a04a0160c63bc82a7a3885219f76cb3663805266dc62745e71a7
32596,health,none,development,voice-eval-split-v1,1632bd01d05043d4906fadd6a7c5b716343bd1f138ff929b8073ecbfaec2198e
25495,education,none,development,voice-eval-split-v1,1642c16b50d85a07c150efd94456e663c1c8440e51c7069da7f97fd66ee0d2ba
06082,health,none,development,voice-eval-split-v1,1650b0bf5347f7fc0c487c86393b6d60de05c3fae311bab68984f72e3aba83fa
33615,education,none,development,voice-eval-split-v1,166eee5aa6e27cfcac7dc3e75645aac5e694eb60fd3da12bd858a60f097799c4
19333,health,none,development,voice-eval-split-v1,16707255e033dba45692e03265be2c27486be764bb0f14399ce923f3e03c354b
25495,roads,none,development,voice-eval-split-v1,16786d8ea7094ce80cad1d56036e80400fbf48eef3386effe78f935de775cb34
10233,water,none,development,voice-eval-split-v1,16d30220bb8cf6283587f7b0bcc5cf2f98f07e960afbadd60299e1eade6c6120
12250,roads,none,development,voice-eval-split-v1,175418c4b06a1d968a02e5ed8c470bb1a7949cbbb069892491ea4ad210f29763
23452,roads,none,development,voice-eval-split-v1,178a22db0806afa2dc3cedf0f2f43223123337d6dbce4e4663e5eff39d662954
21399,health,none,development,voice-eval-split-v1,17a42a746a6c7aa18d89beba5ff883eb8df54fb6f0389d4cb1dbe3245c3096b0
19336,water,none,development,voice-eval-split-v1,17f8208bc3ec386f5e59491fb22438a801f12cf02c539257f59deaa68c5b2cb6
20352,education,none,development,voice-eval-split-v1,1821fd843dea375979929a8caa81ab1ecc9efa20f874d145af09f5222942983a
35639,roads,none,development,voice-eval-split-v1,185ce765b6f8dbc89e6af86bda113b13b3be22cdb80ee064fbd40da7456ab5d9
19332,education,none,development,voice-eval-split-v1,1895217985906aa8446ffdbe228d3846f478ab080eb33db29da3b35e36acf0d8
06071,water,none,development,voice-eval-split-v1,18aa05892c6b446368c9515842674c8090de9eccdd14d6096fad09074a6d262b
15284,health,none,development,voice-eval-split-v1,18ad255c5f6392313723930e614b598389e21152f3b20771afdb3a97e429442e
29568,health,none,development,voice-eval-split-v1,18d1fc3e0c0a0d7701b5e66162bd89659bd4c266b06e5cad2fb59e4c34926e97
19332,health,none,development,voice-eval-split-v1,18f16e536b834b7d1844dadff56e9f9cdd505861f77a6f3fb5ffab9242d0aab6
01022,health,none,development,voice-eval-split-v1,18fd9987a8673891c946341c419e6206572c0cd0b0075206fe856c8977ae4f7c
23464,health,none,development,voice-eval-split-v1,1954c47479ba873feae6524c595ed6734c5ee522f0c0a4b585f2c15d05501520
08105,education,none,development,voice-eval-split-v1,197026c8fc891685f6d5dcc44dc2265e26b9e2c80ba19df7b714dd4ee85144d6
09201,health,none,development,voice-eval-split-v1,197975f9b4cb72b842f1255436a8b9538711058659cbe2651d5055c4077399c3
29569,roads,none,development,voice-eval-split-v1,197dde5b656dbd2b52121858712791dfc553805ad45dc55a51786bf3a2a830c1
08112,water,none,development,voice-eval-split-v1,199b426e3ba23af2a1dfd5530a169497dc6a11082cd98bbc9cdbded8debb03e3
24485,health,none,development,voice-eval-split-v1,19be3aecaee39d8a14901f8a9fadce968b5e2ff3cb7d6749a5296b0b5e2aba90
06073,water,none,development,voice-eval-split-v1,1a32884f506aa9c47f1145fb1d1aee2998f50833fa110857bcf02f5d5ce2de9d
10219,health,none,development,voice-eval-split-v1,1a9841707a5d2eea3fad2ff09dac5277f30863a01df46ea2d80e82f1de03c51b
33618,education,none,development,voice-eval-split-v1,1ad377521ffd5605c5923cefd3db08111d42116b1f0d610afb70fa5630c10e75
23457,roads,none,development,voice-eval-split-v1,1b1abcc2401ce7a7ad4a3103c0dbb3f7908e523f6549d545bd8176667871aa32
23460,water,none,development,voice-eval-split-v1,1b4eb483ca7f271b8b380ba54af6b0f6d1f70a4da3d09f556d3ebb51a4a41286
10237,water,none,development,voice-eval-split-v1,1b71abcd4a780ffb9e08fa6c625c8e3e120222620c4e9ca9bbf1037299c5cb9a
16291,education,none,development,voice-eval-split-v1,1b8ca738eb6c565330ca159e8f462292510bbf50e39077972967a71d7538c3e9
08104,health,none,development,voice-eval-split-v1,1ba301baaa3c43966f3e5dd6033f50ade99ef3fb090cf0d70edcbd503823426c
08130,water,none,development,voice-eval-split-v1,1bc1e561787e3292e52fe6d4a848c5246427444a8b98705ce9cb161e157593e7
19345,health,none,development,voice-eval-split-v1,1bd0974cf530f65732fe12827e64dce3dbe08cd408046c7f6687a55af6d07e7f
01002,education,none,development,voice-eval-split-v1,1c25039b806d0cc258699a7103c36ea425320eb62b8313b3373891a56f10d70a
06087,roads,none,development,voice-eval-split-v1,1c2bbee0c4ff0e65ae935dca16d46ee5dc5d4ba5427380da0b2f89c40dbfe0e2
27527,health,none,development,voice-eval-split-v1,1c4b80f106d464ca3873fc5986f766ddb7a77382558ebd8e1cd10d1a2e6ea91a
01010,water,none,development,voice-eval-split-v1,1cb06f729e29a96e3c679f121a36113530d66b03910a66b581e9b7148f21b1d8
23445,health,none,development,voice-eval-split-v1,1cbc51787dd69d5d395e6434bbbf2231f576e27379c173f3ecf81b854b10d87f
09183,roads,none,development,voice-eval-split-v1,1cecdf720beee698400ad165c1bbcc3b330146ab0c025333fbc452257574df9d
09159,water,none,development,voice-eval-split-v1,1cf63419c4d0f921b02460c9173ce088ae3ea9d8d0d3fd96e100fde4c305d5e4
10207,health,none,development,voice-eval-split-v1,1d0202fce0081757a11431463507ff27b03bbaf2fd3548e79159756c9fe3f9c7
27517,roads,none,development,voice-eval-split-v1,1d048fb69b084f5ecccbf7cee87b57a36bbbcfe3329249ee749c738e35b33b35
18318,water,none,development,voice-eval-split-v1,1d4caf5a33fd21177c9493c2340e060be144e261014e8a87a9a185d973df09c0
09188,roads,none,development,voice-eval-split-v1,1d680c4bf070ec253be89c8520d4e40c134636518a7530b668b6ae8f5627f511
29574,health,none,development,voice-eval-split-v1,1d722f26646c085da244485e9984f1d50edf7027f09ab000a320a33ce3c48c32
18302,water,none,development,voice-eval-split-v1,1da240203277864edf7ee88fbe49ee67e15a2eb3040ca4703af20aac5922d1ac
01017,health,none,development,voice-eval-split-v1,1dbef1d1aca43f7c45f41d9e72bbb70363e1c43fae8e46db7589986b2316d099
09151,health,none,development,voice-eval-split-v1,1dd6386dac43bda0fc851b8ece061e828620fb932dd5aee6198bda4738d4f3da
09156,roads,none,development,voice-eval-split-v1,1de44c1cce5d71bcbea1a2117aeffe219475835c2bd2f0d025b45b035c67e3bd
05063,education,none,development,voice-eval-split-v1,1df0fed46880ddf7aec8e84b252bd5196b923bab648946f51176893a7dd82909
24469,water,none,development,voice-eval-split-v1,1e114329a1f4f330449d6e83c77805b8bf69549ae0c2270a8a34cbb6aa646e1b
12254,water,none,development,voice-eval-split-v1,1e40a52b9335c6fb50bc1294b459bd953de179cdd1f86c6ad49086ae8511d0fa
05059,roads,none,development,voice-eval-split-v1,1e5b7fe09ed74200768b8eb234d7dbea07d522f3dfff4be0bd59c657fccb8f2c
09174,education,none,development,voice-eval-split-v1,1e66fe6845c17572702baf94e7a8be316068adac4fa6712ea8b7cdb93aa35d2d
06072,education,none,development,voice-eval-split-v1,1e6a1d8d44b1cf3efc33ad84b02ba60732b80349c4b78381208414bf11444b21
19329,health,none,development,voice-eval-split-v1,1e848a2dab03390b7cbe19e63b6b0d117c2d1160b4eaff3fccd95380f65b8197
20349,roads,none,development,voice-eval-split-v1,1e8cb5eedf5fed8fb96f99bb8512c10553d4c3dabfa8742f9f2d911cce53fb95
08130,education,none,development,voice-eval-split-v1,1e9b3df58df07a17dcb999ce380e8d3f667b5e28984aedcbf6a7cb1b3315258d
33630,education,none,development,voice-eval-split-v1,1eb1f1d012cfb9786240ded9553627a8c640b4cca82c9c0f78f40a3d133075a1
33624,education,none,development,voice-eval-split-v1,1ec67090d188eacef4ced635e6710cc21898fd900cd6a38d298f6436d89f150b
32601,roads,none,development,voice-eval-split-v1,1ec86c466e1ec18adf1daf11f5c1a9dd7860f4b2ad61fb54dfe7fd5eece4915a
13263,water,none,development,voice-eval-split-v1,1ef1593efe9b6a38ed4f2107558e9147b054baea3649ef0b313b0b4efca04122
06080,education,none,development,voice-eval-split-v1,1ef61fc76d35c93a5b02d481df4ede2d6fb34ae7ce7cff0583e4362f0f230113
34636,roads,none,development,voice-eval-split-v1,1f35f6134028a0ef1a7d31412e01782d6398f9b40b30aaa687efea92ae6f35cc
28543,roads,none,development,voice-eval-split-v1,1f537720424148ee541f94d9e82eaa1019d55904a1aaa5d143fcf63cb14460a8
05068,education,none,development,voice-eval-split-v1,1f69440a06600d9674a9e2a386ff7ba2f9c30b465fbf60175d8a8f69ed7fa3d2
23439,water,none,development,voice-eval-split-v1,1f6a7efd395395f4dff769cf1e1a10b0fb2e3f67d59662af7e0536b0f96ff9cd
19339,roads,none,development,voice-eval-split-v1,1f70d382e2b753bd14516eabb7cd7d58d9c152c22b1c56479118127b5d49d15f
20356,health,none,development,voice-eval-split-v1,1f88ca631e9db6b8da400bc743b060ee7a68e8adb239526d5fa3973bff1a7334
09189,water,none,development,voice-eval-split-v1,1fc14bc579e78493a10fdc056d0b8b68ab1ab577ec2b1796d386c334f54c8ed4
19334,roads,none,development,voice-eval-split-v1,1fc76a5401b30ad33203870e03c5d38c4b0e6b20eb0f33ca18da9a5ea3ef6906
21371,health,none,development,voice-eval-split-v1,1fcd2f921828897f8053879fbd4427cd620a382ebbe699c735f2e2cc83e1371a
09151,roads,none,development,voice-eval-split-v1,1ffd57afdb24db43ecc9a82047d05315531b8a763b0c2de53b65dad62e17f8a2
29563,education,none,development,voice-eval-split-v1,201779b37dfc7c07fabec3b90010c0277d12344c806795eb99c0e11c7a24f36b
01020,water,none,development,voice-eval-split-v1,202093692afc3455f29228ac8f385c1565f077b5596016abcc6d4f5428cd5943
23425,education,none,development,voice-eval-split-v1,205539719047d0ae7fef22902885e285773b3e880640958e53c76588b87ffbf4
01012,education,none,development,voice-eval-split-v1,2063e3e05af75663cb4a7b5dc7ea3c642e99684473e5e8ff7258cc6340015acf
27520,roads,none,development,voice-eval-split-v1,206dfd805796d553009ebf181732f675d801b20ed88c9469a3ce74f16634b511
18306,water,none,development,voice-eval-split-v1,20ad5239ea2190b502565ea718bb39f992c23707d379881d5c9bd234d7e4c653
29558,roads,none,development,voice-eval-split-v1,20b86b85b02f77da21c7be24ad0a29dca21491c7498650e2132e54182c651555
23463,education,none,development,voice-eval-split-v1,20bddc1106800bf0e5529597447151b25c4f90fff7d8a0b02794f28df0e8a82a
20352,water,none,development,voice-eval-split-v1,21351c39cc35ab374fd54573d2cd0c45866c9977eca37008fbeeb71d8a87ecd8
03036,health,none,development,voice-eval-split-v1,218361da60c1be6d694fe98434704f941ba9ee1e97dbfb8f9bc26e6d30c8e769
28537,education,none,development,voice-eval-split-v1,21d5dacd0911b81ca223763edcd2cd7ab11a30935c63b63b2b1325730cf17d58
10214,health,none,development,voice-eval-split-v1,21f36a4bee303e0ebe7fe73210f8efc1b5d7f65d46ec8e914f20250aa7dc7937
27509,health,none,development,voice-eval-split-v1,21f805f47ac433ab753299469631adc92381bd81237fe9beee079dba6275365b
06082,water,none,development,voice-eval-split-v1,21fcbb795b2dcd57c1c81ed7babdb7dd90a7862222103f701f87d9e6f25a8e75
03051,health,none,development,voice-eval-split-v1,221b9c59458aae22442dafb285f0502375629efe24aa0582cffcc7d38bf9a36d
09167,health,none,development,voice-eval-split-v1,222db21e3b30fd60a84c37b964da713dbb0ae732cc092de39930bc18d4ff6f57
33605,health,none,development,voice-eval-split-v1,222fec50f2f55128b56793b351a8ba7cc2370ec243301512e517e028766e8b8c
21385,roads,none,development,voice-eval-split-v1,223d91641ca2c5d2929df82aec2482a60c2e3f06410e7f65dab7f3f329215c9b
33614,health,none,development,voice-eval-split-v1,22584623645074e933c1eaafd58aa6a68558f8b46393841cd3224e5c302104ca
32601,education,none,development,voice-eval-split-v1,2282169038295edcd584203111fcab61f68316a1c581dee6dc09ead8e170e6ff
29562,education,none,development,voice-eval-split-v1,229f31d8ae0ecd960e683918d0d16dfbbdb8f8460416d51c21b6470db02e7a7f
27527,education,none,development,voice-eval-split-v1,22a34052f30aa5bc19891f05726e150960a60f211c0e8ac5e487d680b88447f8
10240,water,none,development,voice-eval-split-v1,22bc823257fcfe54333b3073cb0f699d82971aea6fa26d2395b21133679f4cbc
09189,education,none,development,voice-eval-split-v1,22c40c06524f7535e579ed693e253d363ecfb9677957f597d4fb38377786aab0
35640,roads,none,development,voice-eval-split-v1,22d310a06c0bc3bb83e92351a9cf35577fec4173da6120bbcd0bba67671a1adc
13264,education,none,development,voice-eval-split-v1,22f6bc2cabec768d7122ac4300deac9b20ec8544256e084051076db86de17868
21390,health,none,development,voice-eval-split-v1,230e27f9fac8442f4f4539a07ebaaa1b05f4edc3575e075e0b018b7d18ea400c
03045,roads,none,development,voice-eval-split-v1,232031bcd95806616b35f8f1c4a8c92782f122d6387e4dd6a98caae74c8cd4ec
08114,roads,none,development,voice-eval-split-v1,2326593977ffb1594bbfb81142556683ac6bf17f69670bc0f2d52031e56f169c
09202,health,none,development,voice-eval-split-v1,233356ab84697b4fcf654983c73a084dfbf4ac655070f1ac8545b6ed3758f1ca
24486,education,none,development,voice-eval-split-v1,239a551795c773cc7947cfdcd37c7b2ff3647f8900933d4b041d8bf0716ac49e
24487,water,none,development,voice-eval-split-v1,239d1ad26589c808f0f93e359764c80233cbc0fddccc0f84872d476c4b38edc9
24487,health,none,development,voice-eval-split-v1,23b26780093ef4c577806c1d57fc8005327e955ab9ba860bc4333cff802c56ff
29570,roads,none,development,voice-eval-split-v1,23c1729c4022ab1e41ffd7f44c071a71b0cba83276408ed191c7f0c356ce083e
07097,water,none,development,voice-eval-split-v1,23db31aaf799b8049d52574efb9f1dddb1a6831e20d5e733a9a2c861a02cf253
03040,roads,none,development,voice-eval-split-v1,23f0a3897ed1c15ff8cbd97108046ed886dfda79a63866bbda05cb66af95a41b
24487,education,none,development,voice-eval-split-v1,2403f65bcd79ecc32c5657dacc219b93e11c67d9b027d541fd2854fd03668cbe
17299,roads,none,development,voice-eval-split-v1,24071d45529640dc91a95bd80a424400e903c9ac648500cc72b788e8bfa30c51
08117,education,none,development,voice-eval-split-v1,242aaa84cdcac1a7892ff5b5b902d64875567c149985dcb99db347d6aea2305c
23433,health,none,development,voice-eval-split-v1,243a5e4e69a1cca8519bb8c4c58066f11a347c44d3d8b71755251675aee5a0f3
09162,education,none,development,voice-eval-split-v1,245e518e9f8202b03028713d0c20e118914b70687e7e7d6bd12c4557b3c03d79
17297,water,none,development,voice-eval-split-v1,24ae8611970c98b92d3cb1f57697853c501828ef8d3d49f31f3e51934831b4cb
28533,water,none,development,voice-eval-split-v1,24c9c1a1b48cad9bf06b2a4ede3fdfb5961636e67398611f03b6c838e21e36cf
17297,roads,none,development,voice-eval-split-v1,24f39288a1c30769301e4e4b50f1b5b462eade00bebe483417ece49e88a2b332
09198,education,none,development,voice-eval-split-v1,24f6fa62e14b19163d9c682efd4252c3bd975bf3761188fcb855cacb8c9daee5
31587,education,none,development,voice-eval-split-v1,2503201e3ac2e27dcb1363bacc797b4e7a953dd41efebe5326ee50e172639dda
29560,health,none,development,voice-eval-split-v1,2518baf38757cc40cd96cefc621b2e7501fab2f2df26cf857359a885c38af495
18305,roads,none,development,voice-eval-split-v1,255c7d83d65435120b98ee1ea86631c8f5a86d76d6972851f58202c6ba96034a
19337,roads,none,development,voice-eval-split-v1,25618c04b9fd7f040300b8781c66ae0bb69586a34f45f0a947895284aead7caf
08121,roads,none,development,voice-eval-split-v1,25764f31468849f6cf208718b4d5eaed66d4c725ddbd9a8044ff59a247befcac
03036,education,none,development,voice-eval-split-v1,257942ca98c8bd1b9706a82e4f1b7f5d8c486a545a7c653ce773970205df6c53
23420,water,none,development,voice-eval-split-v1,2583062c0a46a64e87dc67dc5d162bbb18e77e800361a40deb3c47a0838ace8a
08127,education,none,development,voice-eval-split-v1,25a17932263c48a81e57aa43a39b6b63ba2779ec64de530c06af6117f0f0f6c0
08115,education,none,development,voice-eval-split-v1,25bbb30359db93e1200f0d4a440c1a294e5de33c3bf3fb335af28b23cd2558b3
18310,roads,none,development,voice-eval-split-v1,25fc6b947911ac9cbb3a4b80f9bf7f5c866160f29f2811af27b5a003d9e54117
33613,health,none,development,voice-eval-split-v1,262fe0e61c19e3651037e2dc8fb03f87252246ffdd04af4b180f4033a6a5fe79
28535,education,none,development,voice-eval-split-v1,263dc2d31600766dd9954c0bf915f01ff30aa6ad21e390a3488974eb15d2063b
11241,roads,none,development,voice-eval-split-v1,265be67d961d7407437e027264a2dc08b4133a32a646787e8d48895ca1ea325c
13267,health,none,development,voice-eval-split-v1,265fdd71c4b13f961e403bfbf5beb60065941ca0a48fafeda7eb38a7814bc83b
23455,education,none,development,voice-eval-split-v1,267498ea507adb9a8b7bd8f58ad4f09e3c03c4f74cb3adc112fc2828e2e784e1
33624,water,none,development,voice-eval-split-v1,2697cac519e388ce6572ee9ea00b5a09d8f7a377f3ef12b11814261077b064b3
27508,education,none,development,voice-eval-split-v1,26accb15b62a6e54ccc9accb17283cbc63e36062f80a625d4abc73ff5843b283
28548,education,none,development,voice-eval-split-v1,26bf1869aa5841270fb5570378dc71b961bdb6decfac9938a2a4911547b8b8a9
27516,water,none,development,voice-eval-split-v1,26fb635bfd0247eadc0b4c7444081c74a30dceead61a95e1bd1bfe3df41ee97b
23422,education,none,development,voice-eval-split-v1,27423988d008725967fb8667d7f3c1a042edfbc0c973d4a80a8abb92bfb22aba
23428,water,none,development,voice-eval-split-v1,2744d875d4cf82c5f273b6a8a0593466e9a551de6f50422107722cfc3215f9f6
14280,education,none,development,voice-eval-split-v1,274f5d06991cafd6faafaa479bd9cba47253b6fe03e471ebf929165ce0f32260
18300,health,none,development,voice-eval-split-v1,2754b73a68554c7a394a29eeee7fcab7ad8b339e98838adc3cfba48660014066
12246,health,none,development,voice-eval-split-v1,27631111d854348b11c3709bc7b8b0e7182f8cef3bc80d86f4cd04cb5b66bc6a
01016,health,none,development,voice-eval-split-v1,276654a98d1c1e1fa86e5531715383134d4f0f6222896c7bf19e8ff7a365bca7
24488,water,none,development,voice-eval-split-v1,277505548bb606025c7285667d4a0a98f1c174048b4be6859b2b173b5227491e
27520,water,none,development,voice-eval-split-v1,2776ed32e02980aa170eac48186390d9eeecaeb384b7e03e12cea98272e8179f
09188,water,none,development,voice-eval-split-v1,27c58926b7d363d7bb30b03f9c77cc04106a702612fef898f477dc6d01e7c4db
22406,health,none,development,voice-eval-split-v1,27d3c66b45a2b61c9c76fdab23cc0122770137b46ecad7c741dd23f4bc79f4aa
27528,health,none,development,voice-eval-split-v1,27dfd654403c11b879fc32759223c61650be95e75b94cac3928b8a1b6140389a
27498,roads,none,development,voice-eval-split-v1,27f1eb40ce89b087a2c32ef4898656df297283880db44cff13a49556f214af7a
35639,water,none,development,voice-eval-split-v1,27f6d2ad87bd462ae843bfc7acf1e3a5f421539a4a18af6144a4b6144d65c408
26496,education,none,development,voice-eval-split-v1,2859d2d9d7b936bb8f03c8890311b7763a593913252b8dd5c58de8a6ae353d64
09182,roads,none,development,voice-eval-split-v1,28842e811deab6748044d605e7bfe7ab02c40f395e916a606d804b1cdbd64e25
08116,education,none,development,voice-eval-split-v1,289be4ee7a9c334a0349ed3299014a41704f5b016b0ca400b23fe09dd40286a0
10232,education,none,development,voice-eval-split-v1,28aead3e758dc303a3bbf8a9dd92675b62fee3fbc1b4ccad53ee2126d52ed0aa
01002,water,none,development,voice-eval-split-v1,28c7132519dbe8756adf5bde861166b268de71b90ffe0535a11ef50f973c3564
29562,roads,none,development,voice-eval-split-v1,28da1e60cca3aca05cf29cb96c490c2a8a7ee72199e8696420dfb630cbc114ff
18304,water,none,development,voice-eval-split-v1,29079bcd82a370c8cd18a62eb41065d6e719590a79897e6cb85a96a9a50a9228
19341,education,none,development,voice-eval-split-v1,290e130ff571edcd981c4aa481883a09eff27657c776859a8dcab9381d6858f8
29563,health,none,development,voice-eval-split-v1,2927c2cf79e3f0a0955dd8249b113fe25d73806ec30492364778065e21e1c5b5
19334,health,none,development,voice-eval-split-v1,293cb1a082db593ddcc32246661ce7ecd4acf9efeaa3639658a0edfe9d236088
22414,water,none,development,voice-eval-split-v1,2989cead5274fb9022804fedee8eb4b8717ce0ef2baa1962870503c0f5635940
23443,health,none,development,voice-eval-split-v1,29b6d7f926a3d80a753ceeca6b4aada2e363fd1951b5d0538960ddcf69486694
17297,education,none,development,voice-eval-split-v1,29f8d167ae21451a9f62e2cd82f4d874c19d729d099cc5803ff262cf39cdd9a5
09162,roads,none,development,voice-eval-split-v1,2a08c5fffcedf69335820601945581f14b8d4f27ffcc1e0e48e054deeab56449
09142,education,none,development,voice-eval-split-v1,2a17fc714dd69a9ad7a2c5b2767412deda3ce5ad74c8075d6f245d7fe6e4e4ee
10231,health,none,development,voice-eval-split-v1,2a180fa65215db7ac8bb072261105b3902ab289597f46c542e808a93973ee654
27524,education,none,development,voice-eval-split-v1,2a8aa2764545cca0d3eb1b7f394013eb6946905a29a3c5cb42455276d99e02ae
10234,roads,none,development,voice-eval-split-v1,2a964bbe7285062aa6351defe85d8e4407df55cc7e98b16a340354c905de67ef
28545,water,none,development,voice-eval-split-v1,2a964f740627928bdeeb0a6550427d49667e2643e18dd5bb282438f2dc67c93b
08107,health,none,development,voice-eval-split-v1,2a978409a400f16e6112b064766b8466436d9c0fa48511ac65e1561545cf110c
23452,education,none,development,voice-eval-split-v1,2ab24f79fb0e3f643708c4297965c637c58df74e021e2fe910755befcb3241a0
28536,water,none,development,voice-eval-split-v1,2acf90a34b5cd2b20d3bc8ab81ba8d253149f683c5f982c80620bc82d7ee24d7
05065,roads,none,development,voice-eval-split-v1,2b00b7652dd45ff47acdb7442ff30207eadb3ee2d49b2e4b911941cd4be058df
27514,education,none,development,voice-eval-split-v1,2b0d544829d2b6f5f45f59f54d86654db05557401389f46460e4854588f97459
22407,roads,none,development,voice-eval-split-v1,2b312eaad8d4e77b761240381f4eff3151f154ebb8bcefe77451c3b988933bf7
23433,water,none,development,voice-eval-split-v1,2b4c8d04a3a1aa2c8d97f69aa7a8afbdd138048e0a62a4baf5e32a51cdf07e16
23419,roads,none,development,voice-eval-split-v1,2b6de47063988828277031fb1780329815fabfd2e5067d813584ec412cafc1a2
09157,health,none,development,voice-eval-split-v1,2b740050a61d514bd0644f59208d6facd008f9adcc65029d32d0f0b775b89563
20346,roads,none,development,voice-eval-split-v1,2b92f170b1eaf97fd1a9567bf6a5d372343f8264d331f1c9c00067b7ff8d34d1
21380,education,none,development,voice-eval-split-v1,2b97aafd7c38aa4d0d63d21441fee097d4eef4f3f58c202ca93e6f5490d2874f
32594,health,none,development,voice-eval-split-v1,2bcb7f3d462ebdeb6608d516a5ede7d4a4cf30d8021367781d0480d061c60d72
19345,water,none,development,voice-eval-split-v1,2bcf000eb04abd4b534e69779a31fcf09e003d54948391842da85c25bcd3abe1
15288,roads,none,development,voice-eval-split-v1,2bd7bc8a38870d883ea27a6e02a53b93cf58db3dc846264100b8a11850f63cf7
21376,education,none,development,voice-eval-split-v1,2beb489cabe053b46e5764d5eba4303b5d360d56b4e3cc82904ed66865272fd9
33630,roads,none,development,voice-eval-split-v1,2c01c1f9c5ffdd57a9537ed975f84cadfd80ac2973ddf51c79e79fb4fda9c4b3
29579,roads,none,development,voice-eval-split-v1,2c083f75158507936a4612416a06b781455be5a064ef9ae1910ce12c2d3ecbaa
05062,roads,none,development,voice-eval-split-v1,2c577f91af38c7bdcd19e88a939694ae4e800b8a2d54155b39a9505d521cd293
08125,health,none,development,voice-eval-split-v1,2c744b54bd1c042fbed0cd35513324d000ba72d35234614690c369f8b32f8638
10216,health,none,development,voice-eval-split-v1,2c802c2418cd666aa52c329e73e52bfd0ffe9fc9f09b932fcd24af4f2496380a
23430,health,none,development,voice-eval-split-v1,2cb7e9c03dae9dc056cd39fc2a9086b5b54baed90001fbe286e198ec39bc0b91
29581,water,none,development,voice-eval-split-v1,2cfa55b7df41da36e7c52ac3adea8287cedef25c5757dfab21bb1030ead0bfb0
07091,health,none,development,voice-eval-split-v1,2d2e068f20722f73a4f432cf50d400c9b324884cd378ca931c83523f084b78c5
29580,roads,none,development,voice-eval-split-v1,2d36452ed4f759a97a1e59b04788cee5fa64a242cf966f0f552fbd435ea14f9e
17294,health,none,development,voice-eval-split-v1,2d36537aa52f592e7e57013ccbdbe0cd896c10f23f4effe216bec52ec9cd3098
12247,education,none,development,voice-eval-split-v1,2d546f3297d9f740f8120ed7988faed050da33c4094fa2a049be5258b6a8406f
09158,education,none,development,voice-eval-split-v1,2d62b6f847186ad91691235cad44936016c069952a05f1223b275d91956b17ab
30586,education,none,development,voice-eval-split-v1,2d73bcd804ce2215516796b74059dee65c52fd6d862c2bab1f7c8c0ac9b3dd5f
21387,roads,none,development,voice-eval-split-v1,2d83645425f5057b7a90d6381231479d4a199a3f3d06998ead49f8ae866cf865
30585,education,none,development,voice-eval-split-v1,2d9b24182c42179b3414212a1b50ef1f3f71bba1c7f63c07c634a456cbb128df
27522,education,none,development,voice-eval-split-v1,2dda1c9ac75330624958785815b926f68bc572741f36598e9e01199d790985e1
22414,roads,none,development,voice-eval-split-v1,2ddd9a5f10845fc96d8287a852b181b1951ec7bc730eba1f850e5ee4a04902b1
09134,roads,none,development,voice-eval-split-v1,2df13ca3b4e489e70f974029ddfe9c62155f119aa77467b360d22bc3bb3576c7
12247,health,none,development,voice-eval-split-v1,2df498aeaa8bb0c177ee03a944bdcf5244a2b01188463917a94e973cad3ab5ff
23450,health,none,development,voice-eval-split-v1,2e1daf0b502432ec704e5d4ba4e7fd15f75694960763971b893e3399a5b49884
13269,water,none,development,voice-eval-split-v1,2e2e825ee12ada9b9475dea45ccbadd817b160f41b77011ce6059734a90aab04
23439,health,none,development,voice-eval-split-v1,2e2e98ed4bad8c3a601727f592b22b7423131a6ef0f2fa5f64bf7314982046ef
33603,health,none,development,voice-eval-split-v1,2e7dc8033154c58df00ca77303c9d1f87718a8d23e95c69fd4c33e534fd3fa34
18300,education,none,development,voice-eval-split-v1,2ea4d78b23a8ba5c0655a85a53b3f2f23521c96ebb1584791c35c7d1bfc75402
16289,education,none,development,voice-eval-split-v1,2eafa2be8ca8574b26875b7400f9da1085d6a8f3caac849550c6cd03e31432a7
18311,education,none,development,voice-eval-split-v1,2ed5ab007b7984776e5c584cab13b60291f5848ebf49813f256ebf7d761a1827
03045,education,none,development,voice-eval-split-v1,2ee33a093a5d2b1ee17582e6a175a9f7021446d4864b3c0a6e989f46d5594ca9
24470,water,none,development,voice-eval-split-v1,2f41422a75ce8377a89d4996ee4bf309b5a03fdbd5191aa8a445cdba71955989
29581,health,none,development,voice-eval-split-v1,2f6a466e13e3e99b2acf07a1bfbd724798fb942aab58780511c956078a549d3d
03038,roads,none,development,voice-eval-split-v1,2fa0f8ed46efcd8d3ea95443c32d81d023fa7c2f19c9a15da7ecc8c0f264e721
20347,water,none,development,voice-eval-split-v1,2fa548b98e26fc4bf2ec94959b9db8f41ad565bfff76e833b0e677861c5b8e51
19342,water,none,development,voice-eval-split-v1,2faa23c031c6f41e46c8dbb9f21028483b03ed7f021efac381e918484106b3e4
21386,health,none,development,voice-eval-split-v1,2fbdb56c55c495162d48b83bda0fdc574e3d01cf683820d1340321cc82f36190
24468,education,none,development,voice-eval-split-v1,2fe2f656492c7fc8bc7912b2a5ed7fae7e8dfcbae701b8941bcf107618a9da45
08114,water,none,development,voice-eval-split-v1,2feebf25c8a292b155906c81d7c2fb6f6633db5abeaa67eb8f91d4a0b0b63873
16290,roads,none,development,voice-eval-split-v1,2ffd19ed4045d17ecbfecc113495192b5156e9de899b11f6da344fece78d7ac8
22400,roads,none,development,voice-eval-split-v1,3055888d7374fe2e03b94ba6ff02e27ca8747d7477c65211e069412cb28fdf47
09144,health,none,development,voice-eval-split-v1,3073200501b638fb4898c42666eafc7d7f5ca72ddc9da55f76765597457c997e
08122,health,none,development,voice-eval-split-v1,30abf4611d1414688b9b36ac7eaebce1c01d9ce0363c2826ebbcccb2a90532a4
20353,water,none,development,voice-eval-split-v1,30b862a539c3865742d2282625f5e52c5f73e3968bd8daa59257d2849e271615
18313,health,none,development,voice-eval-split-v1,30dac9c4d41d812c91912a4b3e0995ccac6040c7b6679f8c4f8d4db4ebde78b5
23423,education,none,development,voice-eval-split-v1,31122706ec681f86e18681e789d67c8091e93bdd090a599acdeffa6bd53baaca
18326,water,none,development,voice-eval-split-v1,311f70332ff84dd77a788fe3c9faaaf9ac309b8ea209ae05bc32f3b4f5dcd952
27499,education,none,development,voice-eval-split-v1,3165b8e691f5d14185fb62be65326de40a56acc5b08f0015e77e639b382b1d0c
08124,water,none,development,voice-eval-split-v1,316a93c851721496721007274630ce8ecf249010432cb66b5d6aeb87d2e66a70
27507,water,none,development,voice-eval-split-v1,316bc41304e2e4fcf06714fa4df5daee05b5a7de7838214a0de3344325c8c7ee
10231,education,none,development,voice-eval-split-v1,316e38e8550dd7d1df7078721bbb5a391e9df2e30b8f92e35cb688cd30ed450e
09200,education,none,development,voice-eval-split-v1,3173d46fdfddda9a333e0ec3090623d8df536644450e48d2f351f53b729c18eb
21384,health,none,development,voice-eval-split-v1,319ba75dff3dc2d8db82999cd695a7978d198446b4c10b8ec338a397d1c6154a
09187,health,none,development,voice-eval-split-v1,31c806ceaa370cb9f6a824ebc4a8fd6753e59f048a16eae1b693e59cc6a48b0e
23430,water,none,development,voice-eval-split-v1,31d89f64478afcb6702f159251cd0a101fbb27ee732a5774aac5106d7d151943
21374,health,none,development,voice-eval-split-v1,31e9973dc97ceedff5846d01cc1155a915a4941ac5898701ee13da1c1c383030
23461,health,none,development,voice-eval-split-v1,31f2ea0ea0c6f73500409885b35e3ea9c85d8d6d976835ef8142094b9ffedfff
06069,health,none,development,voice-eval-split-v1,32037da94827a5a641499241f796604c8192db747776973589baa33245fe3a83
19328,roads,none,development,voice-eval-split-v1,32243b256658e22da8c6d2e1ac64391651a778f9c1629c913ea12b2c549ae51d
20359,roads,none,development,voice-eval-split-v1,325b3f2696c3b91fa94c6ce2369b6ad0b02dbff804f3e731ed1a8ac2c2b499ce
24472,education,none,development,voice-eval-split-v1,3271553ebbf317284e161b9e96d6880feb69b13a3a8549c9c84fc04382fbcf46
24485,water,none,development,voice-eval-split-v1,32b42c5c413482687cdeaef5b785456b0641db723f19ba537a6d4b03fa2cdf7a
30586,health,none,development,voice-eval-split-v1,32e9e33bb2ca26bcf937e62cb08edcb3c931969ab8ac391ade6c0bf5ef963067
09166,education,none,development,voice-eval-split-v1,3310f8ffbdc217b8b62a627ec942af7bcecd8f66fba15f800986f45cec6695d2
23453,health,none,development,voice-eval-split-v1,3329fe4cc6911f2d9cd861237df34426c0d34a9dccbb7116903a6636bef9cc62
23435,education,none,development,voice-eval-split-v1,333bf933adaa2cff01090c033c6bd8faaeade6a88f1b743b0eb2d9d92550c26b
22407,health,none,development,voice-eval-split-v1,333c8bfe831038ee982c422b5058755ebf2c5c0d776aef51c505f568cec33ac0
33620,education,none,development,voice-eval-split-v1,3367530fc5d58858ca6067d522ae9c31f9d2eba8beb3b1ab4990fe15a444d141
29565,education,none,development,voice-eval-split-v1,339973ef0085d5be484d82d3277d9d1e4fa2f737dee54956e8d391866d4e375b
03054,water,none,development,voice-eval-split-v1,3399c755fb59e451fd82542044ea7f752a92e9aaa5028f41380a76710f5618a5
19328,health,none,development,voice-eval-split-v1,33b4cbc4be6a9f0456eddce7db90d15c1c3b3884dc95d330cb3d932be7f47e21
20360,health,none,development,voice-eval-split-v1,33e8236828a0971f03f408bf51c0fc6ced8104c2e0178fbf37ac7a0daadd42c4
24475,water,none,development,voice-eval-split-v1,33f4709ca55921996578eb6234f4977396616776e9d688a7d449ff645675a228
24482,water,none,development,voice-eval-split-v1,34021bcb87a9e4419ff24a58c63a220714f2d3706d8da3bec43863323f38a652
23423,water,none,development,voice-eval-split-v1,3405b6e46df73b81db7b07fbf1ac2872dd21a541c427a0b56c86294571a7edfa
01017,roads,none,development,voice-eval-split-v1,340cf0b18b727bb233ba33a190319e9c44bb5796fbceae7a6f70d3b5ff6beec1
09175,water,none,development,voice-eval-split-v1,342c4e4a5657781017cd2d7027e8b7e83d3271db7ef8cda84032b67405c6c1fe
22413,roads,none,development,voice-eval-split-v1,34631404b8a1c71f620e147858d003e7f667d3ed28d8e8ca9892d8cd5bc72616
27509,roads,none,development,voice-eval-split-v1,347d67969144132f2307dbb0015414b800503fb20167f107ba2c85500a977be2
29569,water,none,development,voice-eval-split-v1,348b6de146a7993da91530fd425dace79e9dbc2ab578e7261b4fc3bc42b9e129
08129,health,none,development,voice-eval-split-v1,3497a46739343c3cf998d8ccd67ad588fa764097174fe8e0457d7d4308f5cde5
07093,water,none,development,voice-eval-split-v1,34c990b6fdf8f0034696d40ee4931a211c9b66e553b6e46008b68a634321a577
18313,education,none,development,voice-eval-split-v1,34df65e4cf3846b9892e2c48c80012cdb97fd6bfb042dbc6fb9b5a8e109dd51c
24491,water,none,development,voice-eval-split-v1,34e29eeaecc7ec62f0abf1691c5741560c3d8a73949a8efe0e62ef244eb05956
23418,health,none,development,voice-eval-split-v1,352255e5bea4f232b9994b9a7b9cfd9e9b14284dfb102179d4fba6389bccd279
15287,water,none,development,voice-eval-split-v1,3522e6a7d72c8100d795d292f4f28eb46315644a1a5b328ce31db5ce72e79d1b
28540,health,none,development,voice-eval-split-v1,3532d989797fe31955644361c0697190695ade7200d7e667ea56ae797079bbd2
17296,education,none,development,voice-eval-split-v1,3573a195f096e537b163d1a9816175e3a41c69b67705e3b4068e9e8f7de592b6
06089,roads,none,development,voice-eval-split-v1,357c68b42b5a2167826fdc3ef4c8b609c96e9235975bc2c4388f5032f9b2416f
12259,education,none,development,voice-eval-split-v1,358f3203eb962bc70b8e02b2e9a847ca01ba9d303dd9d44dfdde0f73c22e0cac
01004,health,none,development,voice-eval-split-v1,3592536acb48785229db1b710ff240fcf84422ae15548b991755ba4d844c76e1
29561,education,none,development,voice-eval-split-v1,3592b8d096c8db1166ac9bc82b07db1f250c098c97bc2aa39af9dc96d799c223
01012,health,none,development,voice-eval-split-v1,35adb3148f67995701a0c1529a76cb24f7f6de2029469078f708db1a7ad8d00f
22403,health,none,development,voice-eval-split-v1,35ade44231f3699b0fbc5a3313c44db76fa25b6136d178436b73e02cfc259a38
23434,roads,none,development,voice-eval-split-v1,35bb9fc27f950e142594edc2a260bbb174c4d641717a556d157868130c515550
08115,water,none,development,voice-eval-split-v1,35c1d4f0dfe10cdd358eb998ffec792fd8429cc3189e6e9c2d1d24b641aba0be
09180,roads,none,development,voice-eval-split-v1,35cf89a40cb57b07555d65abf96a4014954f28c49dfd8a3d8f176ea2199b5fba
03035,health,none,development,voice-eval-split-v1,35d667255d82b09e6c4ac30250223a834dc749320179a27852ba7aa8bb7d8b2e
33631,health,none,development,voice-eval-split-v1,35f06a7414ad2529b33144e9a6c11673bfefdfbaf8f75cc0911cd7e1034d5bd5
32592,health,none,development,voice-eval-split-v1,360cdd18f916da7270dc2b8bc4f4d3906582309e57d2589518e16e26a33e3712
05068,roads,none,development,voice-eval-split-v1,361d678bf3e9fa87104960c323fe6f6b2787103a1a9740493de813633f3a2df4
21393,roads,none,development,voice-eval-split-v1,362a265d52f36e65aa59b64c464220cdb9b98be66bdf977cf57a81258a7abd15
08102,health,none,development,voice-eval-split-v1,364631785c68274bea424f92603865ffd837051e998573bcdbbf9da6582b73b9
10229,education,none,development,voice-eval-split-v1,366bdf67cb1d35c92dc288528f05e21b7887a2c8f4a048dc62a9b3389c3623b3
08100,roads,none,development,voice-eval-split-v1,367938e9835b5c4c6338ac024269b6386ab18c6086512afee178aaa2bbe1ce4c
21379,roads,none,development,voice-eval-split-v1,368ffff50460ff35b3755c7b79e889d955ee00b77243b35cc54a517821e2bd17
12250,water,none,development,voice-eval-split-v1,36a06e205ee46dd04837da8a8f37a5d245ba49a31688cc4a0ef465f29b1f1761
09138,water,none,development,voice-eval-split-v1,36bcf5842e7ffd4ff247e7fe109e47a688c99a86d052a6e243f6a575c932d71c
16289,health,none,development,voice-eval-split-v1,36bf8845eceb461b6418ec8a7c14e2175e4db3fe38f086e54007e8952fdb7e01
20357,education,none,development,voice-eval-split-v1,36e5a4e2f3a3225db452740b2928b266e2f32fd3937a2161d9852e89dd6a340c
10215,health,none,development,voice-eval-split-v1,3730d09cdcb3511786c6e1f88a166c2cc5907eb7b9f9cf639b2fb1b060a4af9a
01016,education,none,development,voice-eval-split-v1,374e1452f3cc82e86d10269408a25f1be55a118a01524f144672a0eaaf10f0b9
15288,water,none,development,voice-eval-split-v1,3755b278ddc7a3a0270114912bc2f77975804023aec5ff24639c4be6437ae112
29571,health,none,development,voice-eval-split-v1,37771da9d81f9fa8b065b940511fdeb47eeec52729e04b74024626ff8c5917a4
28536,roads,none,development,voice-eval-split-v1,37a483eab312808b443a9213d3bbbade3c6096896838ac6c483903ba66ec6b25
23429,health,none,development,voice-eval-split-v1,37ba83aab89889948c47b4cf0097197853a96fa4cd79110e39e7ea04887e0155
20368,roads,none,development,voice-eval-split-v1,37e4a9a3cdba1f0d4b2b6a1364fee60ffcedee03906fe3604e3ab893a37ed1e7
01004,education,none,development,voice-eval-split-v1,37eb7c7cb8c711b20e8ed3f603e971014e978fbfc090ff78f38fe900362d9c11
01009,roads,none,development,voice-eval-split-v1,37fda90875ec4da1a40f7264839593b9dfa6c21514bbb2ce9b3ae466ae3e69b4
29557,education,none,development,voice-eval-split-v1,38254599397f91369a5755c269569d533126d9126a426bd4232666ffcb49d02f
28536,health,none,development,voice-eval-split-v1,3849c59cdcb8fb307f5234e0744985825f336d8808f3cfe353f350ec0748b22d
13261,education,none,development,voice-eval-split-v1,3851bd78b466eb2f251974e6aef194ec41d7e58960b42cebcbccc180edf8efb3
33625,roads,none,development,voice-eval-split-v1,386564256aa3b743ffa7e0411a25255ebac741ecd6f42faa944c89a092e0b4c5
09168,health,none,development,voice-eval-split-v1,388e596f7c26e7a22f2e5f7d02b511245b2516f0ec07c8d1c1519117bb5d3289
03037,health,none,development,voice-eval-split-v1,388e68b30eec95309a46b9546ddebed0dfde59bee7ab754ebe1eef96d71d203b
29575,education,none,development,voice-eval-split-v1,39018b5d465edbf9144c6f05a09e494e6ba01e6c5781d44a93ee200ec316a4a0
14279,health,none,development,voice-eval-split-v1,39064bf674696e820c745758a6bc18887add83053c2522c2e4a9a1d1161cd7a2
21386,education,none,development,voice-eval-split-v1,391472785bf04de6853b40a252ca2a1ba12f07efeb9ab7b6c759a7677766c631
06070,education,none,development,voice-eval-split-v1,39219991d7ef6e0688c0fee8355089ac71ee3eab54c949a3e654dd9bacf3b965
05060,water,none,development,voice-eval-split-v1,393645824f65d7be13515e441f387bfd5e34f3111615eb6a3eb1c4e302eaa80c
20349,health,none,development,voice-eval-split-v1,395092312453b15fec83532da0e6f8a606c068b57713bfb42f5bda884dc62aad
29572,health,none,development,voice-eval-split-v1,396698b6574ceb2bce0c393e1588227f5adac5e02792b5d2ea81a9621fc0f405
08118,roads,none,development,voice-eval-split-v1,3998fc111ec59cda8ecdd49bf6805d605dbacbce75dbca4e16d86daa25dec5f6
23452,health,none,development,voice-eval-split-v1,39b53c0aa9abe162e4e83677b9d22b8740ff8cc591e03b64c83cb0aaaa0b4887
19343,health,none,development,voice-eval-split-v1,39d0423d3f933ec3e72765674bc3979743744caa23bf33fe39e621438f19541d
10224,roads,none,development,voice-eval-split-v1,3a12d5dfbf5c67b1aefca19257b89c4fc7a244d81d53e501c8b09ddeeec32b5e
24491,health,none,development,voice-eval-split-v1,3a18b9140ba5504a5235c11b796ea277f96ea221a1fcd63b90dd95ccd56d67e0
03048,education,none,development,voice-eval-split-v1,3a2821581e37a7dfaf2e511cb3f97a908f7afc8b8739e9f05e110c8d2e46101b
28545,health,none,development,voice-eval-split-v1,3a4c554cbd3a88c65bb0aeba0ec85f23cf100804a1fd3ee68691cde6d897c84f
01012,roads,none,development,voice-eval-split-v1,3a4f544c6d9ba1a06bcc7e137511f894c8bbbbe1ab0059d5a44ca9b96d4a8b33
34635,water,none,development,voice-eval-split-v1,3a605d0018ffd12b9784a3fb5a992c4612975ee74a198fa7a60420732b73f05b
27516,education,none,development,voice-eval-split-v1,3a626d3dc6e0db48867c20c6ff98a80abab57a864041d7fb95be7430f39fe5ad
28554,health,none,development,voice-eval-split-v1,3a6451a510b609d3c2875af98635a43121301dee72c886ce1201e417610bd0e5
33622,education,none,development,voice-eval-split-v1,3a7a338c25cc3b1281645cc0ac038c66f34e4add96d68998fd40cab6f17dec89
23438,education,none,development,voice-eval-split-v1,3ac2da6b445314015b31345f6ecfabc074c23382d2f30a66e442ed5637993b09
27529,roads,none,development,voice-eval-split-v1,3acffa9bb3121e8885779a03c1b335975d6011b548f3a6a1ded4c1bf08948b7f
23430,roads,none,development,voice-eval-split-v1,3ae61aaaeae757db216d9e737ffbf8b1cb58ddaba9a575ff55529a5fa36d3510
21398,roads,none,development,voice-eval-split-v1,3b08291dbe71e5382c07ed5ce2f45ba6c60095106398ef3bee431baabb0c95fa
34634,education,none,development,voice-eval-split-v1,3b0b27794abe354d6495a40c9971f66ed07815657b9de8ab0b832588bb559a6e
19336,education,none,development,voice-eval-split-v1,3b0cfb071eec4d2f32489fec2a5b7bc7627a894f5db679dab919d0c00b49afc6
28549,education,none,development,voice-eval-split-v1,3b225d4a27a019196d15b90bdfe2ed06d17bd6cee9221d94970ff8823c3189a1
10236,roads,none,development,voice-eval-split-v1,3b24fab85db12d2c3d9cf3bd244a4aed4b2424d02664bb6ae6a6882c6e01ca1c
21372,education,none,development,voice-eval-split-v1,3b3c4ce397b92ae19649cb7c7df62ad110deeaba145344fa4099ebac09b290f8
07097,roads,none,development,voice-eval-split-v1,3b40d1fc6cd9f85950983d047f0ef3042788c4fd989d5858c634708269e85d29
23420,education,none,development,voice-eval-split-v1,3b4260fbf0d488b149e3a0969bd4596dd3a70a895e967f0ac4dbcc59477aee17
09199,roads,none,development,voice-eval-split-v1,3b529cf6286a0c2edae6d52f034e865df6c9b166e0a58385b22f090bad02d90c
17298,water,none,development,voice-eval-split-v1,3b8d5e7870429ffb91329898fca0ab5031ec90378179dc83d903d2543f4754ff
09146,health,none,development,voice-eval-split-v1,3ba8b45b4512927017d5510a5b157c03129f66ac0f99d854d82e5177a772131a
27519,education,none,development,voice-eval-split-v1,3bcc42dd28f6ac51d4ee0b54cb6567b910dc042ef650cbfc2966459960cdcdbb
06085,health,none,development,voice-eval-split-v1,3be69170aff709adab472da6c63fd9c94dc699b7dc65f1cbc7de93e04af041a7
32592,water,none,development,voice-eval-split-v1,3c14a10633efb17bdaca137ca982af61e31538464ab41af3cce8c702ff94dcb8
01008,health,none,development,voice-eval-split-v1,3c2bbcfafdc892fc5d0bc399a415e56536232253c6d4ef2e65a4785edb1f0a1e
06069,roads,none,development,voice-eval-split-v1,3c5929be962706cdfa46af69dbd019832f6db4b30ddffa545f439c89924b40a2
34637,health,none,development,voice-eval-split-v1,3ca0f2d2806edd753b9185662036134ffa1658224cfce17c1b3cb7afe6c1cdd1
33603,roads,none,development,voice-eval-split-v1,3caefffacc73ecc468bbdc9a9b8244c666f118d303500688650ec1fb77a5430b
13271,water,none,development,voice-eval-split-v1,3ced8c1f2f00614ab9a6588e7e4bc17a3235f56eab69e7534d326d572c3eb7d4
01006,education,none,development,voice-eval-split-v1,3cf88295e3c54fc668373f8cf61961eb53c12da708e358383b67fd506d0ac451
01021,roads,none,development,voice-eval-split-v1,3cff7e4fbc6a0bd5f7813dcffb8961dc8254a4ac4b1e8e17a146f655e7651684
18323,roads,none,development,voice-eval-split-v1,3d0f4c665dad3ef102753f2d4b594a888531701a8a7e57845890525762d981db
33626,health,none,development,voice-eval-split-v1,3d2714dcf59c566d32d7f984ac82a73a58c5d31c75f7fe475ab71285f698d52c
06081,education,none,development,voice-eval-split-v1,3d2c40ee8c01b3f862bc403dfad38203ffa68a1b85ce588cf0023ce33312acdc
09146,roads,none,development,voice-eval-split-v1,3d5faf26cd74760e4f37f58ef31158c7be0f0bef3babeb07cd05550320033bdb
20365,education,none,development,voice-eval-split-v1,3d749e62af699dee2a494303af65dff4df8de9145c0e4dce7a7663ceae264c8e
18319,water,none,development,voice-eval-split-v1,3d87b33b2f217458d79e0339d007debae8a413e86ef9ee76a37f74d5ac5dcec3
23435,roads,none,development,voice-eval-split-v1,3d91b3bb98ecd699d2047ab51cacd0c7c47b6178ed53d25ffa13709d4e05ed31
22403,education,none,development,voice-eval-split-v1,3d9c0191dfc7ab69f65d40067aa4d4447fdebf19d198f64928371611e47ac1f0
09149,health,none,development,voice-eval-split-v1,3df56c5629a8b4d3301f2926032b5b70dc91915d4bfae9135f9b6d54711383d4
23454,roads,none,development,voice-eval-split-v1,3e23b63e892d356735824e62992ea6c022796ebcad321d8d76dad58558c7a6df
29558,education,none,development,voice-eval-split-v1,3e3dd13cbdb315caaa2b8656e6be6af91daf3c14cf2a025b12ba36ed8eae81b3
33619,health,none,development,voice-eval-split-v1,3e477d6e0e876e897a5d97e468bbf2a9e27d4b9fcdb2db6930283ac516edb190
27518,roads,none,development,voice-eval-split-v1,3e526d2de21de4f45f2ad70fe71094c6d8a5a6eb14edc6fb1f529e94e5c62912
09191,health,none,development,voice-eval-split-v1,3e8f98ca9fa3cf6e2e7d20e78a3f629dfdf8f67250100a605fb87f8ec1381514
09165,education,none,development,voice-eval-split-v1,3ea092e729ec677ccd154725e8ac4a1610bf14a093cd7cae5111a4b238dc5417
28537,health,none,development,voice-eval-split-v1,3ed2f1a7374b5f921d7ccea380f06759d3d4ca3ef43c818e54cc8e58baa06d19
19344,water,none,development,voice-eval-split-v1,3edb534a97f484f2b0c276e39d4d55ec40627eb31862e5a212ca0291c8eefcaf
12254,roads,none,development,voice-eval-split-v1,3f00f9821edfdd02f630e52cd566cdaaa69a4f4a34bf81588d823c12fbac1da0
12258,water,none,development,voice-eval-split-v1,3f10232db34152b6da94bf2e33fbaaf4074e621c308d83cb17a4ede620acf38d
05062,health,none,development,voice-eval-split-v1,3f1d2ba977df196d2fa80ac8fe03a91d6ce2a274cad5f94629f7f9ba8cddfc3f
08124,education,none,development,voice-eval-split-v1,3f1d5f354f09c764a354609d9564918021dd763dbacc2c8a97d26d4dbd645daf
12259,water,none,development,voice-eval-split-v1,3f27fd42ec159294f845602e587fba9e2d8c9c88e3e06af65b75cab766825f8b
28537,water,none,development,voice-eval-split-v1,3f2e6b5f0b9ffd44665893732ad32aaa968d43e2e6829a901025f84a042ae161
25494,education,none,development,voice-eval-split-v1,3f42f991cfe7f46bb977523787e9461bbfebc8a996ab5876995dcbabf7427e93
09148,education,none,development,voice-eval-split-v1,3f783745f92a18e374b4c6c5e6914611f76d2b28165d019436e00c484af22d39
06082,education,none,development,voice-eval-split-v1,3fac7fc18b56cdc7d1a161a6637b358b3d3d4007000a0a44e0594b84e6c3ae1c
22411,health,none,development,voice-eval-split-v1,3fff34fc6d4b92c6ccccbaea40b32b35e920127fd2c91d48d01c19746531bc05
23429,education,none,development,voice-eval-split-v1,4013f4890ed0622c6dd36abbeef3bdbb5ca39b03af74dbd0624000f0f2b8ae53
21396,roads,none,development,voice-eval-split-v1,401c831a96ddd1fa2df5540219fcfc6410405f236be4cd3dd1818ef1a3b85821
06075,roads,none,development,voice-eval-split-v1,4071db8718fd6706bb9a45e5ad23d7c7333c497af85d581491b06821616a0953
09136,health,none,development,voice-eval-split-v1,409ad6f1c746fcecae4b271e270100eb97ad37d6262f26b719db702f70205d3a
29558,health,none,development,voice-eval-split-v1,409c69ec56d37be26daaa9b78a2a648c558bb813ef8fc92e0202e24d20f9fcfc
21377,roads,none,development,voice-eval-split-v1,40bac164335d53c4fb1ad1ee3d42d34315dc99bfd462f7fa3026300cc90896a8
23425,health,none,development,voice-eval-split-v1,40c089379778862e4a36dc81b6c3077801ec0230ca416b48ba9811aa4a480c96
18312,education,none,development,voice-eval-split-v1,40c7bc2aed91c0debb6a0727ddce35900a196556d27818c3e6a20f5395464687
01015,roads,none,development,voice-eval-split-v1,40ce5fb5ba7c478815295dc5fa36812c35b2681d660186e0fd61c8400789b6b8
23429,roads,none,development,voice-eval-split-v1,40e7e72faea48d0502364cba013cb89afa18482ee2c30aeb80d674a50696489a
29562,water,none,development,voice-eval-split-v1,40e9557735cc3026399b362e01e41d0b041454c76ff87dbb4da99363aa414352
11243,education,none,development,voice-eval-split-v1,4114ebffd1200927e8f4cf0e14fe13d7ad92d2a9204004cbffb376db5476ca08
09178,roads,none,development,voice-eval-split-v1,4125dde409911651b7e9199404ac80d27a2e43bd66f118ce18f2d48a9b7aa4c4
01017,education,none,development,voice-eval-split-v1,413ef51669ac0ef3d867ca9480c05764c93bb1cf694f2e225d113bb66c458367
29564,roads,none,development,voice-eval-split-v1,41595abab49a87b727f67693d61028badea1d8fc36b5328ba8fda1e0acbbdd12
18315,roads,none,development,voice-eval-split-v1,4159bcfac08d68cb4e072dbf6496d8ca660b760e760a2c2ce8d3271d45900a13
24469,health,none,development,voice-eval-split-v1,4180f4ba9c327416f4c6c1940ad70e7215c64009c344a39db62e7996a0b14ce2
33630,health,none,development,voice-eval-split-v1,41ab059edb3b59ca36675e79adc1f45f543adf7946f5e2546c8d9f121e45ec40
33626,roads,none,development,voice-eval-split-v1,41b9396c8ac58f522054fec088854a8f5b48a59b75726993ecdc5d9a836d148d
27521,water,none,development,voice-eval-split-v1,41bfdb6831f5caa6ce5a2ea35cda96336fbb420995dd91521b84551180f56fbb
33625,education,none,development,voice-eval-split-v1,41deefadea5ebc6edc50af0c0e51a3a7edb2f1670a41064f002a45625b9e07ed
21370,education,none,development,voice-eval-split-v1,41e1196cffc6207a81d87d406cebf84e113e0b5c316a43765a0ef91e248a4975
33622,health,none,development,voice-eval-split-v1,41f2ffce4fc3a404bda2453d3e197fed229361815121c0c4d5993a1690936c5e
28538,water,none,development,voice-eval-split-v1,426176a9d73f3d028dff6cdd01acc52130c5d1cd55313af25ce6882b5c094444
20346,education,none,development,voice-eval-split-v1,427717b27cfe368706c6669b64aa074aed177a4e19f04ee7ad25d8300b52254c
29557,roads,none,development,voice-eval-split-v1,427cadb6a85be81723bd7ef75633e52d4d3ca85ca5b708959921eca6c4585e49
08117,water,none,development,voice-eval-split-v1,428990c2bcc013803ed934042133b53960e1eced4b2d372934e835953ecc18e6
23435,water,none,development,voice-eval-split-v1,42bb720ba31e28b4e55b0278a15ee48997b670d72430644247b5970c5464e462
09143,roads,none,development,voice-eval-split-v1,42db5a12154f87164cd4f189a625058f809ba92ed69e6b1c2d31793ad6ab08a6
23458,water,none,development,voice-eval-split-v1,42de5baecf19468654afa01d379f2f641157a81ef3b4dd8feb1bee30a6a2d603
20356,roads,none,development,voice-eval-split-v1,42e32326cbeb1e8377ef8d4d9021140abad9d471afa535c2eeddd9d6e28a4abb
09148,health,none,development,voice-eval-split-v1,42f5060233ab5329207edcb72d889e45af58d1fa312aa3d2755b2cfd8e820da0
12256,education,none,development,voice-eval-split-v1,4326ecac674ba1b03b3f1062dce6edf603ace46a40fd913d00cbe6e574e9cbc8
07096,roads,none,development,voice-eval-split-v1,43316938ce9de1091c62969dc28349ac53713bb2eb1bed970fb93efbb08c8d25
24474,health,none,development,voice-eval-split-v1,43476234b89a863146e5d92f8d1082a28661664ea1fb70e74dc6ad5d0a8dec3d
09159,health,none,development,voice-eval-split-v1,43618ae8887f1fdfba5d95b9f509076512bafbd180179abff3620f269900c82b
09161,health,none,development,voice-eval-split-v1,4366d9f1e5e3e95c8033fa20458c8f7e2d189c63b455f561c49b0f3d74cdcf78
27525,roads,none,development,voice-eval-split-v1,437d9b2869fdd6722ad09f1f51521aaf3ea5d6e33d49291db9dfe852f8cbfcce
18307,roads,none,development,voice-eval-split-v1,43ccea5e86c11e47ed959279a7b622552c60ec694465ac579b1dd98c75635f78
27506,roads,none,development,voice-eval-split-v1,43f3426a9be5669e6a038806e5a7234160d30b53f13d1a696b6b47ba885ceb1b
27522,roads,none,development,voice-eval-split-v1,4410fcabf9a5a401ef34a9db597272f367d4ea68713057186c952f9fed245084
09137,roads,none,development,voice-eval-split-v1,44148b9306efac31fc0e83b25aaa3568117beaaca5435133c74cc0063277e8b5
24471,roads,none,development,voice-eval-split-v1,4417dfd163793b8e183a73fd2bfdafcb1172389609db22f39496328128b23f3d
29564,education,none,development,voice-eval-split-v1,443d08951325b6f783ccb179e702932c6569ff2c8566ffe7240254282b52bf13
22415,education,none,development,voice-eval-split-v1,444e48c44c0acc0f246a47a6bd2b733962299b366ee98f312f0dfb4aa187ce00
21391,water,none,development,voice-eval-split-v1,444f49c5bf97daecc2be8190e4ded9ce568ae99c8442540a1912bde2d3403d68
18307,health,none,development,voice-eval-split-v1,446665f667c0ea2605519e0fcdb5ecc364435f778cd1b4785639fb732f2b8d8f
33621,health,none,development,voice-eval-split-v1,4483a5db5a7895a49e51cac0f8c22683e16d7b7279d87e988ab52c9f6f93ce8b
23456,roads,none,development,voice-eval-split-v1,44e576cc93ada3ad090c1c3b1979020ad4c5f71303c19c9ef0dbd9ef2ae5a00a
08110,education,none,development,voice-eval-split-v1,44e6484563a708b507bf1bf1411c70688fda9a95036058cc36b6bdfe134efb15
22415,health,none,development,voice-eval-split-v1,44ee85459b0f579f9fa6704c4804ec4edb4c4f120db5cbaa76ce40fdbe7ce1bf
23427,roads,none,development,voice-eval-split-v1,457dafff787e52582a30dbdf2b6667fa05c6c781c40facf45790e0e87ea5ef96
29564,water,none,development,voice-eval-split-v1,4583974d4708ab1e6474c344f59877c44ccd27c4211e5fe9e015efd00718f0b9
22414,health,none,development,voice-eval-split-v1,45b6fc3284bced7d248b3bc1009c7d939113d298fa776d0b26c47835013e93b5
08121,health,none,development,voice-eval-split-v1,45ca998c743b30eeb548f7f96dce1b2400ae854cfe596ee585964c5adff42ab0
09154,education,none,development,voice-eval-split-v1,45dd397b41dfb7c781055b793cba87f9694b20768a3a73ac6c4be5c886cee75c
19343,education,none,development,voice-eval-split-v1,45e1e50b59b2ebc0cec84071757468509d62d4a35ae176fcf173d9ef0fba3c48
09199,water,none,development,voice-eval-split-v1,45ef78b0854a309d82162c7c28b381c7be5338a21172973ca9e008aee6104ca8
09141,water,none,development,voice-eval-split-v1,45f9d114e3d082363b8fbd4dbb06c43bbbc1ca9d4e97b36ea1b46a2e657923d7
32594,roads,none,development,voice-eval-split-v1,46254ab6ea55eaadfb20115d5ae6dbb0b2d75c1f719bb1db24e4281012de857d
28535,health,none,development,voice-eval-split-v1,462e97b9a9d97bcdf1f408f7c2f6c459fed6f70870e8e3a71b012d01c754d66b
29576,health,none,development,voice-eval-split-v1,4635503b7d5e94d3cb5d36ade04e04c3af61dc15e83d0d291849227a53716c12
32591,water,none,development,voice-eval-split-v1,463924e9265ccd238220319a382dfe4e26d2f612884e4ecf1aeb97e3e45dbf07
21371,education,none,development,voice-eval-split-v1,464145de178ef5cd45f68a85bc1a5665b85b45b1992430fa20d8a0be0d5ed525
23438,health,none,development,voice-eval-split-v1,4642d962d92acb3f0eeb38a2470b65029c357662cc9cd567be511b59b4de1c3c
23418,education,none,development,voice-eval-split-v1,4678b7071e5142dd92e3cbafce0853dd58a6c88829e465983626cec7fcb14da2
29574,education,none,development,voice-eval-split-v1,467d1b8ee59a5e4e50b2547c2cf0cb579555a068665df5f600f40e0052860fdf
32597,education,none,development,voice-eval-split-v1,468872dc85630b9d72c327978586204a7ed093159f79be43c0f22feb07cea1eb
14275,health,none,development,voice-eval-split-v1,468ebbfb4df08c00a525b2b5102c3ae0d51289b04c20972e6d2d2a8a7c816788
27516,health,none,development,voice-eval-split-v1,469243fcc62896d95f9b3032dcf587e179d19d3c99f67f2c93e7822a663b05e6
27526,roads,none,development,voice-eval-split-v1,46b04c43e1da4e2fff882ba7d4b9a80227d0ea0b1d9bde3aadf9e6ee8ae071c3
01022,roads,none,development,voice-eval-split-v1,46d7d668b28c4468c88a59f3fbecfe575947225cb29cc5b5944c7eed07f17a7d
32594,education,none,development,voice-eval-split-v1,46e1b478854f514dbb74b8cc1ce89a198c4733f70835748160f8f54b4a2083bb
20348,roads,none,development,voice-eval-split-v1,47315f0005841e125c53d46ede2549276a681fb182f6ac5e3e7bb099a17b241f
01021,water,none,development,voice-eval-split-v1,474b3972841d5425e341e4b174fa6a0f75b57f92d2da0078b6ea1f0d1dc42528
13267,roads,none,development,voice-eval-split-v1,4767cbff015cd7f317ee853446e81e8c00460a23ab65102a613f359048ce53a7
18301,education,none,development,voice-eval-split-v1,478f4571c94848b095f1cc4ea331adc7e2523a62ffa4a6b49a0395316bbfbcd4
20362,roads,none,development,voice-eval-split-v1,47e47b541ab675ff41b7ffd239b1abc2f16ff6540e6784695c2aac74072ab8f8
08125,water,none,development,voice-eval-split-v1,47ebdafca162ab28f94bea045a4af2c9492f8dca092be58878f66dbaea4c1c05
18306,health,none,development,voice-eval-split-v1,47f51d3a018f5fb4499ef94b28d0304c275bcc1ca06c5e944993e68eba16da3a
01010,roads,none,development,voice-eval-split-v1,483536d4c9902ed8349a516c6a3c96d841c05696a6d11fb7c21e8c7e28e6e1f5
13261,health,none,development,voice-eval-split-v1,485aa4192faa685fba756bcca87b60e8980b82749e092a077e10e65c590b48f3
24477,roads,none,development,voice-eval-split-v1,4863d9bb56672926ea996d5a6b4a7df50c388b53ffa6584be63ca85b73a4f836
23420,roads,none,development,voice-eval-split-v1,489149dbf638098a52ddb4d4d53860e8b4774d560aa2767d89c62ebdc538bd3f
19329,education,none,development,voice-eval-split-v1,4897ad1b8cd44ca615f8d80591515995db1ed969ecae3643669b38748de9b888
08122,roads,none,development,voice-eval-split-v1,489e8a00ed88103dbbe35405e447aa23f4beea6dd340f9930241487e944aff95
28540,water,none,development,voice-eval-split-v1,48a5bdf1509b759fdcc807bd2c4a7e0fda8d8eeeb144aaa5e60126bc84f14aba
21383,water,none,development,voice-eval-split-v1,48c1ae2dd771d3b378d6a9c3ae5b735ad0e573f066a683e0999052104d982396
09197,health,none,development,voice-eval-split-v1,48e4d402ae0ad603f27917f0fca0ea73203b57b16ea25d67b9c57bf37243d3e2
23442,water,none,development,voice-eval-split-v1,492efd06bde2925abf1eb0effc6c4fb13377b45b02209779bcaef04e253fb719
09196,roads,none,development,voice-eval-split-v1,493768cc91249835e46d42d467c809e7d4f194d4712af49fc2a6f37d5e414215
09132,roads,none,development,voice-eval-split-v1,49781923b3a9061952db85ffe75e946d8818c5b99ceb3018c376e563d07bee6c
09180,education,none,development,voice-eval-split-v1,49782d3c691a39fa4dda062b44cbd97fa1c7c1f9d941c6bf5c327c33422b68af
22400,water,none,development,voice-eval-split-v1,4982cffb2544e84faa7ee7e8200c3d7791d8387f8905641599f0a1366495fb87
15282,education,none,development,voice-eval-split-v1,49a0935296a5e11fd7a659b82bc07c552e184565773e1db95804b0bb3226591e
12251,roads,none,development,voice-eval-split-v1,49b82fa3e781df3e804a05ed16f4e4e370976fb1b74c55f5a57ab3a71fe5be14
19333,education,none,development,voice-eval-split-v1,49bb43a5ece41172a0a48059b42c54a3d458ab9a0d4814ae936aa25cac1a37fd
24488,roads,none,development,voice-eval-split-v1,49ca58516f85d3c628d09a75cd6ff624e7af6f9c098b268442ffa09ca2e95ea7
21370,health,none,development,voice-eval-split-v1,49f59426cab4ed13fb007c91bb6ef1b46d88ed1fed6b7dc09c9148dbe651fdf2
08107,education,none,development,voice-eval-split-v1,49f87125db005316fe90e47b0ede41f4fcaaf42741c6d41d5ffd8dcecb5edfb5
33616,water,none,development,voice-eval-split-v1,4a0593f19aacc595834e2d9586b9c094d522611af35bb47b0f3013c5e30d082f
18316,education,none,development,voice-eval-split-v1,4a4ac84a1f8713cbba68d7a8b9344b93d8195cab5c14d7a44a4959e1222e1383
34637,education,none,development,voice-eval-split-v1,4a973a01599cbdbf16a6299ad9d65a4da8adf56db156e886aa11268a4cc48f9f
29584,education,none,development,voice-eval-split-v1,4aa9135af4c2cdbe409c03c26bc4f7eb318776e79ddd4a7506844d9d5fa442e5
01016,water,none,development,voice-eval-split-v1,4ad619b83fe5afd35fc1917e5065350eb9cf2e0d284264a33432e88976209f13
09177,health,none,development,voice-eval-split-v1,4b03d7a0b5e0e88287fa4b34539d5227bef63bb4035a1a15bf4d53b3553f79a0
19337,education,none,development,voice-eval-split-v1,4b1616ca94a41bc0178d76f17d3da53b7c75d075207bca889a72ef34c829b723
34635,health,none,development,voice-eval-split-v1,4b2aebf7ab60e33d5d25f353a4f81b395bb044d5a09cb226664e8ed350ed037a
16292,roads,none,development,voice-eval-split-v1,4b3c094f9fd1bbf458d6c91d382c219e6b72b31388e963b3c9b12afc6a572370
32600,education,none,development,voice-eval-split-v1,4b67c6cf3eec87034f839c1764e909c3f3a4836cd55314c32d0d140e9f57eb57
23424,roads,none,development,voice-eval-split-v1,4b67ef043cfdf7deb3fd7d75219949e8b335e18a46081e77c14e95edefbe440c
25495,health,none,development,voice-eval-split-v1,4b78ddabef46e1c304b344196a3b990f390abea8ba923e27f89b0275269b1b30
08105,roads,none,development,voice-eval-split-v1,4bb09337485023b9b8f9205a486c427537b7ce23fa68bb10148ea0fe0d848f81
07092,roads,none,development,voice-eval-split-v1,4bce87d48c4c6c44dd836b4b7bde373d3ac7db9971d5ef45731f358052366bcc
10227,roads,none,development,voice-eval-split-v1,4bd2f1c3f0164bb1f12c841f2e3c390b89dad53718dbd30342f1438430f4fa90
06088,education,none,development,voice-eval-split-v1,4bd78a2d9fce8c09be3ca86cba83d16e4106a2479272c39fce697f9ac51bd0ee
08106,roads,none,development,voice-eval-split-v1,4bfde76e6bd3d0665f489a490e16e8ad76dac5340da81e7c0423c5020eae9a90
33617,water,none,development,voice-eval-split-v1,4c12a47f1c1735c7b331e58d0d9ca9668605f4817ef2b5901d8bde99b26d0648
03044,roads,none,development,voice-eval-split-v1,4c1a482b14c68499a16e066e85a27ad0d332ec093474764b71a8f7650b92a735
10240,roads,none,development,voice-eval-split-v1,4c2cc4632bc347c473c00a0dbd744b66dea0d9a5383deef863d956ff1fae04ca
20364,roads,none,development,voice-eval-split-v1,4c425bc2e62fe202fa12fa1b320f845ba45b025a81da1fa1f625403424208fa8
01018,education,none,development,voice-eval-split-v1,4c47dcf06bd95f08c0576b7ef373db99efa45093b42845fd399f60921f48f03f
06082,roads,none,development,voice-eval-split-v1,4c5c9bc39f5d3300e820375e9c4e1a72ee732db926786994e609c2cd3b17990c
05065,health,none,development,voice-eval-split-v1,4c77da84d4841a735e8a69bd1510bcfaa9298397dec1c847c801c5186e483cd6
06083,health,none,development,voice-eval-split-v1,4ca64255baa238513e762d49c03b6ae43e4f6432b93d5e44a5d5b6c25fd27ce0
08126,roads,none,development,voice-eval-split-v1,4cb73dc2ff879962d07787780cceb4a6101da6604cae199a2c929e12033651b2
07098,education,none,development,voice-eval-split-v1,4cbca77290754733829dfd0d7a9b1c0abda7b56b77b9ec9bd973a12b8e4470a9
10217,water,none,development,voice-eval-split-v1,4cbec985a2f00b6f0093e783c43fc1a9de723d8e0a5009fca78c6e7bfec81b85
10233,health,none,development,voice-eval-split-v1,4ce5fa40b6ea8e79a5f4b57b4616cbb6eb91334a0f60c3d8706e585bfda46d10
10207,roads,none,development,voice-eval-split-v1,4cfd1becea9af98c8058d362e274f992301d663c51d2c905e15739a1bba3b08a
22417,water,none,development,voice-eval-split-v1,4cfef04245d8ac22d781553b16211cf1cd74814338fa6ebc83065253d2ad78a6
28554,water,none,development,voice-eval-split-v1,4d0128747b1829f9cf39cd8f4fe09ca82ab3a086cd5305a37f9a3d11424fb4a1
10222,roads,none,development,voice-eval-split-v1,4d217cf48477f581d3fd82ec1d07b43f3f7ae089f9bd0bc91e59a0495f3b09b8
09160,roads,none,development,voice-eval-split-v1,4d5409aafe67933afac3b248d9a4c248d9ac703651b46cc927ecf865a472c8ec
23426,education,none,development,voice-eval-split-v1,4d54a2389d2ad57135e123b07cc76ea1a1656045b15fd9dc751394ecdc10d8e8
05062,education,none,development,voice-eval-split-v1,4d6f6d468d5b6ee4c74d98eaa4493763f8053456521c215369d109a0f0617a2c
10209,water,none,development,voice-eval-split-v1,4d74aa94c3017f70ea5a609385ee5d2ea4e94a00c16113c7218e7261feda9d87
33631,water,none,development,voice-eval-split-v1,4d75e5c6664aaa3efc1250e9764558fdf7caeb2bd661a7f869fd59d6688376a3
09137,water,none,development,voice-eval-split-v1,4d8be615435f1526b10757253b7eefc09903f8fa5b1834010e8fe99b217bfdac
10224,health,none,development,voice-eval-split-v1,4d9772b35d22be0d9de26219cf86aac5016154e40cf8a86021e2864d1b7d3f2a
24479,education,none,development,voice-eval-split-v1,4da820575b2c8751a23d23a9fd1bc5039959885d30fa6c1ae0406bef31112263
28546,roads,none,development,voice-eval-split-v1,4dbfb1bb1775fa615ec857b67b6e79f15f5c5ae1f151732bdddbbc392d0e55e0
33626,education,none,development,voice-eval-split-v1,4de65478b1af737078c6fd3c4c0e39630584c0f428c347ffc78a923af18a5344
17296,roads,none,development,voice-eval-split-v1,4df9b4f5bc83b1e61ddaf4f3c98f4f25e566e0539f4b30c454d1c8595b73c6b7
25494,health,none,development,voice-eval-split-v1,4dfe167766552e6ae8d341638973142e4bf369ec67ac8b54bd8ec373263909f2
23427,water,none,development,voice-eval-split-v1,4e0e79e7400300a8390aabb7b20cd741dc84f4838b86107a31cf09301938b932
07095,education,none,development,voice-eval-split-v1,4e484803f04e7c0858b2c98287c1dfabcf21838a411632b0e664e2bd43c054a9
17297,health,none,development,voice-eval-split-v1,4e4d2d17a2042eea2818055f8128d4ee054933e2c821a9c630fd9f7f82675e75
09199,education,none,development,voice-eval-split-v1,4e5e14085259e2c9dace11f1aa32076210124d812009125a3cf48614af3ae5a0
07091,water,none,development,voice-eval-split-v1,4e9479e15210ec2922b5cdb862957be4d772b9ababa56f975c2d8284d7079f47
07096,water,none,development,voice-eval-split-v1,4ee2ab38eeb8a4553df19a005c72fed8576b8d1ad98233f550634225c21ff6c4
13262,roads,none,development,voice-eval-split-v1,4ee9cb18c9a01a4c09ebe26e0918ce8152d6b4d540edb3d1b33f42c5e947d998
32596,education,none,development,voice-eval-split-v1,4f0699349bad3f8086c094459612e18c8f62e0f23f84c3e318bb96495796ac92
28548,water,none,development,voice-eval-split-v1,4f20ce0cffa69cecd952dd62ed51454fa29c9975693375db97f21d21a209bd9d
34637,roads,none,development,voice-eval-split-v1,4f40b9386d011db9631b281da0f04afa6f37065ac49f1f7afc7023cc14aa8cfe
29570,education,none,development,voice-eval-split-v1,4f66a82a45ae18ba2cf36051aec92902f282421667c55b633abcd44ac61cceda
10231,roads,none,development,voice-eval-split-v1,4f6cf6a6e7f0f77859690773278fde1ee582ec842c2547a01caafae6e936104a
06081,water,none,development,voice-eval-split-v1,4f6de377d3fb83d36c173b2bd059958f9a2073b08a6e4368f72c2653c13476b2
29581,roads,none,development,voice-eval-split-v1,4f775efd7eddbd13acc9f04f6ba294a8b783daebcb06e2f57438dcb65ec63125
24492,roads,none,development,voice-eval-split-v1,4f7bee12a6306c787d5b15f14c97098fd05e74a8be67e7f59fd426fab19b90e0
01019,health,none,development,voice-eval-split-v1,4f971a2251c9acc33ea3ea2d4d8652a750ce98fa61aa9ac7b8743529d3a6e164
10233,roads,none,development,voice-eval-split-v1,4f98c8877b1072a5dab9d8e22ac4b453aae6c66f8dc71ca3ce6c82f104ad87af
10213,water,none,development,voice-eval-split-v1,4fae4f31292cf617807d846d5db1c4e2bf009368672086da83e67d6735683a69
08105,water,none,development,voice-eval-split-v1,4fba3a0ae0240fa3c6d8c8f346d4b577ce2530772f8a14a6d8163805008dee8c
29577,education,none,development,voice-eval-split-v1,4feedbdcfbbf0d7c4018c7fcfba59f7fc22cf98da75abd6d096e5eeaebe45bb5
27502,roads,none,development,voice-eval-split-v1,50772e830c2b04ea7ed0d58d648e4696c1f80db16e635e4938b8ff336dd132b2
28534,roads,none,development,voice-eval-split-v1,508a256f1bc46c8b943c646664945d3f30a0a69268aa268dcc6af9f807cae409
19339,health,none,development,voice-eval-split-v1,50934d1bc2faae4096287f6038ba5bc33b5de3b82e3b35e1a9782c0aa8ca7cb3
10206,roads,none,development,voice-eval-split-v1,509f51ad5158af68a07fa69cd2b16d759540da7d9701518d1373dcc26c03186a
27498,education,none,development,voice-eval-split-v1,50daea8db9ee5b2623e520e21327aee32ee671982d1470bc6a9a48be381e6d23
33619,water,none,development,voice-eval-split-v1,50e40c916cbfbccf0c93c1bb355cc3e9d9cc92b77a43eeb9c57115cb27d36ce8
03047,health,none,development,voice-eval-split-v1,51279e1b15996b827d06633a4e63fc62211366e4364b02b77ca7ed3057d50e27
12260,education,none,development,voice-eval-split-v1,51711730164a6f0cde9ad35fb772f93c4d60f76bb958994ac942b0820757eae9
27518,water,none,development,voice-eval-split-v1,517a0ad4caea432434a4702fe9f824b439c71dc4c2fa1f4b337c736e30f95e6e
13268,education,none,development,voice-eval-split-v1,519c55c56eba7e410a662cbff1fb3ae9a2a6c74a493657c16c5bf715d98259e9
21371,water,none,development,voice-eval-split-v1,51b02d4eb773ef84a0477dfc7b3e27ea0ae419e46f4341c5eb4016625e38a261
01019,roads,none,development,voice-eval-split-v1,51c8bca20ee8d9ccc47c0baa73eaa15f3109a0f20396fc10f1db8d30b340fb9f
20363,roads,none,development,voice-eval-split-v1,51f2b3d9b9e5c6cbff2958ed8ce19cc3841d6aae9c5b0d4aa3ee358509110465
09186,education,none,development,voice-eval-split-v1,51fbe64b759a78395cda472fd2964b735ad59e9067e27c459021033a79d8549c
27527,roads,none,development,voice-eval-split-v1,521cdae8a4cc11482eab69b8804fe3eb396656c32561cd628a44a3233cc50d19
03046,health,none,development,voice-eval-split-v1,523265f4e2d7095aa82bb51c1e49815bab457ff669aea636bfb1c600f604b239
12253,education,none,development,voice-eval-split-v1,52449ae909bf1e4dde1543e50876e886e894e35939e73a71c6d2fcd84995e3dd
11244,water,none,development,voice-eval-split-v1,527e54b652c3b5138988cd96927a92a4cb06efba48c5628a8eb1e45ebc9dbb04
17293,health,none,development,voice-eval-split-v1,528db1c4229ff6f72a0b3b1f30c9fe8dbcdd300f7adeaf457047ada04c9ca1c7
27531,education,none,development,voice-eval-split-v1,529c6692f5ed9af9c2a50b4c28d28e19167908452b87e5a9b0a6c9957c270ce1
20353,roads,none,development,voice-eval-split-v1,52b0db5e52696ba35d3be387f89188e2405fd2570c2914c291ca8ff4387be5e5
23448,health,none,development,voice-eval-split-v1,52b4c1daa107be906806d96978c1697f8318d51ab28574aa6b4f09ee55619489
01013,health,none,development,voice-eval-split-v1,52bc20583691db6af1cfc32b72d39f6bc84985f9ff9fa15edeba719bd7d8c2e8
20348,education,none,development,voice-eval-split-v1,52c54dd6924dd147472e604ea11f90e1d113b30e4e5641eaa8a9349f6022132c
23463,health,none,development,voice-eval-split-v1,52e81d82461a55e1848d9fb0660411b5f39204881bfe4f56c359e3c27d5131cb
03050,water,none,development,voice-eval-split-v1,52f95564912c0fb46423e250c7a2b3ee92fe921fd49fcecacca1e9a972e95f55
33614,education,none,development,voice-eval-split-v1,5399ee582aaf67e283d88ece7d5aa659ec8a09a6ca0b5e05decde241c73bbf94
10230,roads,none,development,voice-eval-split-v1,539cd325e26dbe378812e3ff2596471a83666c29b7d8c13deea27c71b2b82bd1
23432,water,none,development,voice-eval-split-v1,53dff023a3e5c66fde9ed81db12c19f95602696bd27c149be69dde66b8c77e70
09182,education,none,development,voice-eval-split-v1,53e4f992067ca209488b5e4b981a0144276d194b600bcbb6ef04be74d23f4f0a
09185,water,none,development,voice-eval-split-v1,53edc461c49693572b91d117e40d9ba109ae38fb0c4c25399e2f568b44d89ecc
13261,water,none,development,voice-eval-split-v1,5413104cc786cd1e85e3bead056d521b05b80180bc1dd48aa77b5b3104034f50
28549,water,none,development,voice-eval-split-v1,543130a9a0b18b541934c385d49a7e207b3db248fe5ebe20cb56fb8689955f8b
22413,health,none,development,voice-eval-split-v1,545ee4abd22644363cd239b18a17b04e77767adc805b1ebde534b3db663021bc
10206,education,none,development,voice-eval-split-v1,547379e80687f9fa9962830f4641f92765d5a4d38d274dd41ef0b4bf07864dbd
03042,water,none,development,voice-eval-split-v1,547847335adc93bf8dc1921328a598b9aa59c118c30ee76e7eef0db34b516e9f
35639,education,none,development,voice-eval-split-v1,54a036f03cdf1294220d9d2004d7534548d391650623b4b910c1156196a32068
27502,water,none,development,voice-eval-split-v1,54bf9d60d39dbb568012034ea6099b53f395c7c7da26118ece0a7c39909313f1
10211,health,none,development,voice-eval-split-v1,550713b756e7464552b1339131b53505599f86ba73ad54c0b5de98a3e8d5cfc2
18311,health,none,development,voice-eval-split-v1,5519568759339d9add2275bd58c2e64564486590f7060a85d90a43411ba77903
09155,water,none,development,voice-eval-split-v1,551bf288af7794718e5fe02d2c937b2df904f6b18b60989fa9df23290ef6e992
19331,education,none,development,voice-eval-split-v1,551c8e22652989321265fe94e07527e7be2efd70f9291a11e3b2c58afaf2589c
18301,water,none,development,voice-eval-split-v1,55231576767bc7af39ef32bcd3b651a85b1eea704807666d20b2cbe8fea5c848
19327,water,none,development,voice-eval-split-v1,552dfd4d57f9670ff36cff665df1fdd27f733385db566e25d7c7c28bbf4567dd
14275,water,none,development,voice-eval-split-v1,554aa72e19c5db24b04815e3bedca3c26f220d3bf55b96104fb3a0f28ee7517b
09172,health,none,development,voice-eval-split-v1,554e203b5b9b46e8d082636acf577da3d4c853f8880f637fcea789d621fd4f73
33611,health,none,development,voice-eval-split-v1,5555944afc0f270e7081b31bf0105edbcb1c70f086952ac5c7d4528b50e20829
29573,roads,none,development,voice-eval-split-v1,5556f06b0a49ce17e5e054e8d147ba990b1438040416587d4f23a12b641c87bb
09194,roads,none,development,voice-eval-split-v1,555deb044d726b36952adfcab1e8102b8a7f20ef40691678260fcb4fe3a747ad
28549,roads,none,development,voice-eval-split-v1,556bb322f7debd0005dfbae11507e89f7ea350abf1cda1cde2aaada859050f22
18321,roads,none,development,voice-eval-split-v1,5571536f6e76b6eeaaef5d296139920da213bfa9fe09813ae26782f009eed259
19336,roads,none,development,voice-eval-split-v1,55906ff912735129fae3e9646433de7a4653c7f27350bd316c49d44eb6661686
32600,roads,none,development,voice-eval-split-v1,5594f23f444e769da2855abad5a22b4796ceac003f66424c93c3bd78fdcce3a0
33620,water,none,development,voice-eval-split-v1,55c65fc36e94bbae7c75775633675093151fe8706f0fbf2397479dd5f03ce61b
24477,water,none,development,voice-eval-split-v1,55c8699521e236011494dc9304ec2ae360bb156467f2b09fa11a9b5ae2745201
08105,health,none,development,voice-eval-split-v1,55dafffe2cd1f6be8d5eecd266098a02456039a99c57ad88e70d9ba9ed085ea0
33604,education,none,development,voice-eval-split-v1,55ec98722ccb21e9718b044d97619d36517342bc14bb0f8f443cacdee663d08d
20367,health,none,development,voice-eval-split-v1,55f3ffb7cd62f880189e5726be64a25cabebbf1e6c5ca0e10f3c2dd2e5f37761
19331,water,none,development,voice-eval-split-v1,5603309e911c80e805bb3cff4a88931f9c15aea6fc27c42f68c0313edf5754a7
08102,education,none,development,voice-eval-split-v1,5606fd07eb9711723df78426a993f5f416efef67eed82683af3e4e01f659ed77
09160,health,none,development,voice-eval-split-v1,562b708be1a810594109bcd1533a4bdf1a453d23ed36da44c6b05a321e3eda2e
24488,health,none,development,voice-eval-split-v1,563683e0479cf3088abc9aa3cb743eca67cca9e1d7572cbcd8c2fc5cb06a1fa5
16292,water,none,development,voice-eval-split-v1,565ce7eb1f45806e784d696b44f26421c271da2a62abc5a5a8c27d8667dba945
10204,roads,none,development,voice-eval-split-v1,565d098039d0b3b7929429040d05fb51cd70facf68dc370ef6cfcde6b6f4fa2f
12259,health,none,development,voice-eval-split-v1,565e1c7f5b0b4510e10ce7bd65e5f7085ac4b1e1eb2dd8369f502efd07a9d2aa
20358,education,none,development,voice-eval-split-v1,5665117f3c06e26c1c942cfa69315c12db17972303c325006fef9c43d8bf1dee
12257,roads,none,development,voice-eval-split-v1,5696a36d8b3782c3ef3de04b133077a310b9ab468fe08fcd3d6662397104b428
09190,education,none,development,voice-eval-split-v1,569dd6dec46b789f599732c7e4cc39190fdd80da47ec7a3ab7ae164d51f9f1a8
30586,water,none,development,voice-eval-split-v1,56ac7a2493c6fffe1381c79f22156927bcf4839e0555f095dea1989659e943cb
29575,water,none,development,voice-eval-split-v1,574a6d90750cf4c2703efdf0b97ea3d18cfe48a22e050155db7e2f4818a7ccbe
24478,roads,none,development,voice-eval-split-v1,5762c13c30e24897acfea23a93240449b62d2b69e11ccad83a2b3d3b873f2cdc
23439,education,none,development,voice-eval-split-v1,57f7703a1ecb2154054db512a575639047ca676205ad24de97cafc76cab940d3
10203,roads,none,development,voice-eval-split-v1,581d648334b4ffc0da4e4544e3741499993ca2818ee1a852f171a8d586bdd436
01015,health,none,development,voice-eval-split-v1,58571b662c170583ddad5e26f11bafb9d49637033ead9578c977bcb18a949c4d
32598,water,none,development,voice-eval-split-v1,585ac95f2cd5aafb0eeb48375f3a15cbaa7dba287ea6facdb35db2813a2680f4
07092,health,none,development,voice-eval-split-v1,588972be294aaa88c2c7421241780edef8fd523bc4f065181578c037193cc0e5
29570,health,none,development,voice-eval-split-v1,58ac821c242b1889d8e48079bec2a08a03b077376050d9fadae3852ba77310e6
07097,education,none,development,voice-eval-split-v1,58cf7965f7891d360f43a23977d75b9b33098ec96b96f3636fa0450c94d65ecf
33617,education,none,development,voice-eval-split-v1,5934e0d90389585c1ec4a562c46fc698fb2ec3e6575b34f383ecf800044ec269
23449,water,none,development,voice-eval-split-v1,594661bb19f17c57c425eb8220f8cd20ac4a6d9e9d380cabf5d3ddf79e59cccc
33615,roads,none,development,voice-eval-split-v1,5952ff91e7a918406738397c09373e243e2e56e3a4aec61092c0fca30336c3c0
18319,education,none,development,voice-eval-split-v1,595b6517a2e3377e8d2e2254f28aba2032bcece4e27da5c8bd5708b15537764f
03051,water,none,development,voice-eval-split-v1,5982be98acd76cd479270423bdf3cf780b3e42d2ecfb885d25df904e96d89d1b
19339,education,none,development,voice-eval-split-v1,59a31160339b6e6b5f3c1a07c17561de6a22d4c9e790849d27d2f4605b92af23
33608,water,none,development,voice-eval-split-v1,59b32fc9e7fd34ada38b4d18a341a2248980ad39835896dfd48972e07868c1b8
20352,roads,none,development,voice-eval-split-v1,59bad787a5fb5733c9ad8b11b55ae233c713a848b47cc9a37790c6f20e203b7f
29561,roads,none,development,voice-eval-split-v1,59d19d692d96aa5743da515218c247e88fd6d8092b8cfc541c0bd76dca1702f8
29578,roads,none,development,voice-eval-split-v1,5a07daed4e267c93682924184432a8b624558ca5ee6db00ee6fae868300a04b3
24474,roads,none,development,voice-eval-split-v1,5a2225eebdaf86e49cb478df1747851c4b9a74fe90f25fe3976f7569446021ed
27507,health,none,development,voice-eval-split-v1,5a3d38f5e339f298849bc7b3f418bdc1e1f3a67c57c10bb7e3a5d6c45e73e21c
06077,roads,none,development,voice-eval-split-v1,5a9c4d4c6de9f78bc687d4c2a1ef7c0a69c308b99049ce7f0d04395de98ef97e
23437,health,none,development,voice-eval-split-v1,5ac324179ba008304070b3d43fabf537ed6ebf2e9ae27508d979c460fe8c9bc6
09187,education,none,development,voice-eval-split-v1,5ad16ed7fe5ce7cafdaf0d5c0f4d870b9d20db91d146de364054bbae7eac079d
29573,health,none,development,voice-eval-split-v1,5ad794984cbff9b341dad4e14b7719dce8c3d1bc0a408f7da8e1f23b6b13453e
23451,education,none,development,voice-eval-split-v1,5af9731a4415438afb62ab2f30249201b1e24ca36f4f080a2bcf8208b99bdf0a
29565,health,none,development,voice-eval-split-v1,5b1444a10ffcfac0e5e98d1ae4ccb017efcc4e0046c9d60245ed2b567f2d9258
18319,roads,none,development,voice-eval-split-v1,5b1e92320cf0d1ef8558b06200b86fb17e05a41f5ab0c36ca46555ec958b701d
09191,water,none,development,voice-eval-split-v1,5bb947a445c7eefdb4cdc9c0542a6abd8748ecbac77801524872c6d30c99326a
10230,water,none,development,voice-eval-split-v1,5c2170cb90c8f20fbe77519ac0ed0829172bb44b66380093e76490ea11b4a905
03041,education,none,development,voice-eval-split-v1,5c331295b9157ebdb6b8b2e52c3ea664f7a97ccedd1477d30ac50442df460f49
09153,water,none,development,voice-eval-split-v1,5c60f0c599c2afeda9985ccf209027e198d63dc3cf160a96f6a816010a3c27c8
10235,roads,none,development,voice-eval-split-v1,5c778e6187732db236a5842b0928065123672f999803f1fc2704a0ce565ebf82
29562,health,none,development,voice-eval-split-v1,5cd16c725ad15fe1bab74e05b6a5b6ff69316f7ce04c0ab6c0a25ddd397269eb
23453,education,none,development,voice-eval-split-v1,5d0cc3ca4bc3ecb84e1ea2fa6bd70eb637643ada122f0439a43abae20d4d7103
10203,education,none,development,voice-eval-split-v1,5d28bf6f0e1ee097a552975e5f54e069fdc9b713a2d18e209f6a217b97302822
18312,health,none,development,voice-eval-split-v1,5d580bcdbe361699f74cca82a62ba6e2b21beb01a25d43f40ca2a80e722e3e62
14276,roads,none,development,voice-eval-split-v1,5d5a90cb9989f4ac3649779b80662490a4a79763433259dafea6027efa7f6800
03048,health,none,development,voice-eval-split-v1,5dd6433e5a77b1c49f4bca6c1636d36b6087721bd5669e4dcf8299f6bd0937f4
20369,roads,none,development,voice-eval-split-v1,5dd891311346c7dfe9f95f5ac4fb5e862134565ca4e07852fcaf275dc9ee9198
27515,water,none,development,voice-eval-split-v1,5debf6f8dbbd4125ac75551a6a7efac4c54585dd4b8b5ba367c3686ff68dadac
33625,water,none,development,voice-eval-split-v1,5e033e237144f28652be6d98d9bdca2ec0174909a72daab17a6be1c9e93cbc28
01001,health,none,development,voice-eval-split-v1,5e61dbcb60c4a1729b0c09580b45b284e43e82db7e90cda087d4f0b466dfb59c
05056,roads,none,development,voice-eval-split-v1,5e66405390e2e55bbc04f66543a17efdbfa3969373c9604f70d39bf01c6dad77
33622,roads,none,development,voice-eval-split-v1,5e844af2a551d225ef30d9694629449ee94172c93bf6ba8535e9a4507ddebe2d
27521,health,none,development,voice-eval-split-v1,5ea0372c561c7389398b3e86594dacd10a6335b0c811fc58eaf7dba4f0e91bbf
13262,education,none,development,voice-eval-split-v1,5ea8d4d0351e4e051012b2aad5b8171764787b11a8088a3b82b6f58bfe15993c
08110,roads,none,development,voice-eval-split-v1,5ef6cfed38b3930927a1ab96727e4ea01c1e7eb8462ec44d415b97fd9baa5de6
13271,roads,none,development,voice-eval-split-v1,5f0167bb5aa796a9845ed46e2b9800393b84f802743ea478499d9bd1f346ee52
10236,water,none,development,voice-eval-split-v1,5f0ae2ca9c735429033ad540095cfecc0cb2b0ca69469ee9c424824dd22f6230
09169,health,none,development,voice-eval-split-v1,5f117d14ff0f14fbee51c96c4e5347d142fb0069ae5bd072a0a660d5c05c0116
09180,water,none,development,voice-eval-split-v1,5f27a62124ef8421e1db9aacf9c982c51408cd745ceb06cadbc90dbf029629a6
01006,water,none,development,voice-eval-split-v1,5f3fd9ed904df493159ce95651ae0052b9a42817064dc0e203e0c4956dafc3ee
09161,water,none,development,voice-eval-split-v1,5f613f7224fe63a5cc428f7ad617c790f7eb0cba3f947f62fab22537f00f872d
18314,roads,none,development,voice-eval-split-v1,5f6aeffd71bc1738147eeab4a581a74ea843b8519c6f849ea9098bdf8fe40e8c
24484,health,none,development,voice-eval-split-v1,5f6fc76b57900031e0fae3b54feb059f06c9c1e12e3815742aaac24566dc64ae
27503,roads,none,development,voice-eval-split-v1,5fd9c0d8e4e134339a772dd5bddd3378761dbb3d74f803ed4598b9b4a99accf5
33616,health,none,development,voice-eval-split-v1,5fe140b69b5dadc9a651c0e09f99f39b7089578a77db0b803a49782456437dfa
19344,education,none,development,voice-eval-split-v1,5fe26c89caf498faaaee89c1f0ed1b746fcedb164fd19a8862d8d1924ba19c30
09137,health,none,development,voice-eval-split-v1,5ff839cc3c592b2e82a6658fb5b432ac5a63a8c9fd39fa6937794c5fd870ec4e
33618,health,none,development,voice-eval-split-v1,600ed8522f068dd27e0dd08c7bbeacd61f3c46b18b22ae5d5594882a948e81a9
32597,roads,none,development,voice-eval-split-v1,6011ae992320df7362d2799bd29580d27807111f7ea358ab932dcdfe93dbaab5
14279,roads,none,development,voice-eval-split-v1,602bc39da21a6eb4b2e756deefa18850b9f40af29048c0b7e0c4cfaab7e31dd1
19342,health,none,development,voice-eval-split-v1,6055115bdbeba1e9f9c197f34bf2d20e856eeb4819143327268a5394f3454807
29567,education,none,development,voice-eval-split-v1,607759880a467e1f6694849ef36f472b4680334c04248cab43de48acd127decc
14274,roads,none,development,voice-eval-split-v1,607f7a744aa0ac73d7ae2b54ace741179093723a25bc4a644afd26bd826142bf
08122,water,none,development,voice-eval-split-v1,609049f8be185fa5c5af6e3a66a4b029c96eab69b9765b462777e8a680e65717
10222,education,none,development,voice-eval-split-v1,6092bc0262ab7d0841ae95c3490db611f375439b1bde3a1e0becceed6f9a169f
18325,roads,none,development,voice-eval-split-v1,60a4217cefcaa301473fbae7491d6c2e11fb7031bb75c6aad0af3c086552f9fc
20356,water,none,development,voice-eval-split-v1,60b2610d3e6b1cee2b9b0b5a896e9e0e474bf606d2385f5b4d9203cf812a1bf7
01011,roads,none,development,voice-eval-split-v1,60b815e5c73e17a740fd3ed2a2f05e557f00bfbf9f7c2e2eaff06996c16b2ce9
29556,water,none,development,voice-eval-split-v1,60c6cc51c8ed7168f5956026a685bb7a5be087ec022555f2939fa89ea495b944
27525,water,none,development,voice-eval-split-v1,60d3408a8be919297698cc2ad22ddbcf8709bb00de7068d1bc18c978a6f5ce23
09145,education,none,development,voice-eval-split-v1,610042bf7511815e39a4de7ed761203ca317465753c24af607760757d07dfb11
15284,education,none,development,voice-eval-split-v1,611f1d93560e0d0df7f06c76d2e84d97b95a3d553d4afce2375355ad3ebee294
29575,health,none,development,voice-eval-split-v1,613047dcc7e47b8c1b12d6ef97ce58e1490b4c22092160ae1c3e7f0eb9cfbfe3
09190,health,none,development,voice-eval-split-v1,613160171f5e3ff9c1fab0620575cd85ad5d9bda7badbc7f968ccadf83834e7d
22413,education,none,development,voice-eval-split-v1,6132c12359f138e73cf5a6378dae64e267064c3905379cf16bbd79b97b8a81fa
13265,roads,none,development,voice-eval-split-v1,613e73d1a3bee131dbc231b5aa9e2caf9563be9c1f61eb4c4ad26fd635865b0a
17293,roads,none,development,voice-eval-split-v1,6152860ba7bb11d15da5096bcc4b7eb11167bb0c85935459e8d30dc0a47ff886
21387,water,none,development,voice-eval-split-v1,61836ec67d2524f31c04dc3c1290c9d92be938b3af5a311568cfedfc5559f618
13265,education,none,development,voice-eval-split-v1,61fc1d192757458de4dddbf35f7bd5c620abf4f133792335d32232269f3e5977
29575,roads,none,development,voice-eval-split-v1,62038652c2d1dcc65798ffa2cf99087e491756bdbf4467f6fe742b914f403ef7
09157,water,none,development,voice-eval-split-v1,6215c7c2ecde83fc20cf4035a3fb49483867a529e962c5daa8f04322476885f6
21372,health,none,development,voice-eval-split-v1,6285c9c0b208745fc73842d42390f2fafc3b266685457ca0e9d61797121964d8
08129,education,none,development,voice-eval-split-v1,62959462182e11906234a59242cf909a66c019f20fcde012edc54042848b928e
27517,health,none,development,voice-eval-split-v1,62968743d7b00aef874a9a652db8bf7d27344ef31a0d44f8cfeb4ae017347fde
10230,education,none,development,voice-eval-split-v1,6299d93c5a725946df5211ca7d4c07f32bf9459615d5deb7f3a5fbe71b5c3f7b
28552,roads,none,development,voice-eval-split-v1,62a15517e11be34bb2642e41057afceb70ac5260adc5fcbeabfab439376c673c
21393,education,none,development,voice-eval-split-v1,62abb15d33a2a204edbb4e0a6eef9b7ac8da23637a7811d1a8ac8a5204fee84e
01012,water,none,development,voice-eval-split-v1,62c39bdd585a591f3b276894aa37266b038c395595bcb2bb1a81b7c7aebeedc1
29577,water,none,development,voice-eval-split-v1,62f065371ac2dae890665c50c5bdb6ec0403754267f40e298c48cda1d080bbea
09181,water,none,development,voice-eval-split-v1,6310cfd275033528b55382cce9302f1fb8ce85de6b3b453a19919ca07d3c5be4
17299,water,none,development,voice-eval-split-v1,632f61d708e9443f0882bead9f0534cad9d84f41c07b4aa61010474b0bd92239
28546,education,none,development,voice-eval-split-v1,6343258fa062482f80a6f7167645aa916c003fe155cd6c0722b7fdea0fb33f1d
22400,education,none,development,voice-eval-split-v1,634cbb9f9eb9fba59d19ad88e0b2039dd8ab4456d60323c85a85eeb25058043f
33627,education,none,development,voice-eval-split-v1,637218bf6e89de909174eda3a498003acc8b43b6720f8f17a0ceec0bb3a81599
10210,water,none,development,voice-eval-split-v1,63764bfc1251c3684adb936d12b78e8edcaa423c93f6e9c0bdc95a50d505b12a
03037,roads,none,development,voice-eval-split-v1,637c32882fc6e65685c7b3bf4dc893db0bf131f61abf6250ba00fe4176c55fd2
12251,education,none,development,voice-eval-split-v1,637f23366357b9667e95811589428e4fe91cea828d2ba51a24ef1fe74800a912
22409,roads,none,development,voice-eval-split-v1,63db99accfc5ccf83e64c91c60594a553171397f523de11ede3f5ba290bd3c6e
08111,water,none,development,voice-eval-split-v1,641df3c211bef00428da038f3b9f856210af89113cb6655f841496f8f4348752
09140,education,none,development,voice-eval-split-v1,643a59e315bcdda2560c06646eb8f9cc3c6cdce0c30a3c21e810419a64bf3307
06083,water,none,development,voice-eval-split-v1,647266a00284f9ee61ce4f1b4c3f7ef0a4ab93fb1b33d004acab953af8efc090
22402,water,none,development,voice-eval-split-v1,647482f44db52ab9d761e6ace5a3c9f143bcb36b42418de25b597d8a6e8c5949
24472,health,none,development,voice-eval-split-v1,6475f9a5d600fb6fd840f2819c3f4c40f118e81ef24361b3e2ddf67a1c527124
22412,water,none,development,voice-eval-split-v1,649d4fa9fbd5b6349857789268593b461bbb1022d9fd34309953171d4906c00b
33617,health,none,development,voice-eval-split-v1,64afd1fa1ff301ee98d5270698fd8e55221666cb848603831dc6d76a085b0ad0
09190,roads,none,development,voice-eval-split-v1,64b0d8201ca41396f691f9440cf126051062b79fcc1dcf3a8c3eb499833474fe
09197,roads,none,development,voice-eval-split-v1,64b66b82058ec87737f98e5b5647530c8c96d6c7967b4a52b0d4cca7307c9dfc
03041,water,none,development,voice-eval-split-v1,64b7cc0453d8421633febf72f6359c248b1c1fc3304075dd999a98884842399d
33603,education,none,development,voice-eval-split-v1,64c83a6b0be47bdc3ab11d7aeb50d2ab982599521ffd2cb0dead96cf8f0f0a50
06072,water,none,development,voice-eval-split-v1,64cb4961cd950f369ea2794ea7bed693dd4e158fe4fb9c1594aa8f37ab443355
27504,water,none,development,voice-eval-split-v1,64eac2c8adeed6adbc0da775a061497ce5d3e81573a6f82b4cff2e7501673832
29579,education,none,development,voice-eval-split-v1,64fcf5e9886e9884b24107475a1f6a282ce52fbf1c24cb56b33cae1849a13a8e
08119,education,none,development,voice-eval-split-v1,650b9e0cc3f4c64c36f1008a2b62ed42200d56b105af090465cad2afeac45141
21394,health,none,development,voice-eval-split-v1,6518cfab4250a562c57cffd741b182621077c6c681c6f94c3ed849a9d8c4c9ed
09185,education,none,development,voice-eval-split-v1,653ff7db3b066d51ceecb25b69aea92ad36a7c6a13679ac17a3b1927ce66ed14
13262,health,none,development,voice-eval-split-v1,65538743f90dde04d23c4b07b3c180836255441e7e25dffcb530659bade3a248
19338,education,none,development,voice-eval-split-v1,6577ec3be69364bac425e53b71d90a94f8ed71927c6e0d8abd35b60240877108
09183,education,none,development,voice-eval-split-v1,657b370480eaa00c8156ef2fa046d69b182ed847a0d6282098aac5f3a410257e
10223,roads,none,development,voice-eval-split-v1,65b115563529a6f898b9e55558d319678defd7ac81fd1a1eecedbfcb3f3e66e6
21378,water,none,development,voice-eval-split-v1,65b4d91c46a67dadc53ec89e25b748b0dedd30f0d84587b0985fb396fc936dba
29557,health,none,development,voice-eval-split-v1,65c7a69f0c874875aabb9e5eabab83d5a3593e95330d9cab7a0f44ac111fba33
29582,water,none,development,voice-eval-split-v1,65d32bea74bafca3027850d2aa50bd6a9f312690d3a0ead5c8976174e216bee5
28540,roads,none,development,voice-eval-split-v1,6656ff16d7b8fdf78f60689c8597639b2440223356a551b9ae190ffe8b70f9b8
19330,water,none,development,voice-eval-split-v1,665a4dd72e3ed86685e531cc2b0cc2205592589a4cd1e7b7d54f2b73a019fc7d
23426,water,none,development,voice-eval-split-v1,66666714694106c1bbdb2690162ac2796d912cad5a2a0dbb968d02b5eaf11020
11241,health,none,development,voice-eval-split-v1,667eef839c10c63cd55991df0e7f43836d6c50e03b41df540a55eecdf3b2d89f
22403,water,none,development,voice-eval-split-v1,6699bac55f19ab4ccb56a6cddcc8a3983f48f167228c233954862f93080b4387
07091,education,none,development,voice-eval-split-v1,66a2c3dcb10ef1969e23c2bfa316cfa8cb595c3d7ad24169de9d1304fa78450d
33608,roads,none,development,voice-eval-split-v1,66f13c843f2b5a7975ad497808163832e12758fc73ce866f5cd3a1d12f08ed89
18322,water,none,development,voice-eval-split-v1,671da86314e8d101329c26d6e00636e7dc661a6204c249594a08e0374f397943
14273,roads,none,development,voice-eval-split-v1,671dd0312557508f11984a69eca32268f15ada2a439f0b96bafbd3314abedc4c
01007,education,none,development,voice-eval-split-v1,67297468a6b927061917da924f11c2d037cb14ab229514d1961797cacd4ab2e1
27531,roads,none,development,voice-eval-split-v1,672cd339382ce0a0d30e3af5b9c8019c48ab7d015f3f39966d54dba484534c50
22404,water,none,development,voice-eval-split-v1,673370f346cb157945d3929342d13660f9a6d3f0679be1b6f08cf96b42e3d450
13265,water,none,development,voice-eval-split-v1,6763abed1cbd39d5bb13f0adc2ebb1b07a63736661f5013cd124e027d6776824
08104,water,none,development,voice-eval-split-v1,677d8e5fa26a4d8fe10024f6527a9f467eb54becefeed1e6738f3fb741715aca
10238,water,none,development,voice-eval-split-v1,67b35440c247f4d7b1df370421ade792997e5bfce487ed555ce514ff3af2e679
03044,education,none,development,voice-eval-split-v1,67e92ae265d9fd7bc1dc3a64363150b6fbfc5f54b879159141e3d6c85eb8480c
24468,water,none,development,voice-eval-split-v1,6824c2497ccb01db35defc33e1e4eeee7f4313529e132071539c5cd3bf5d5908
28551,water,none,development,voice-eval-split-v1,6845e73c1cd5002d68258210da50638d528e7f56457d667cf09459ef022d8209
28554,roads,none,development,voice-eval-split-v1,687acaf2a9c77d6057f2d85833fd28643dd471312cda6aa04b9d51a4a0769f1c
09133,education,none,development,voice-eval-split-v1,68d06fee5d557dcdae736d72d421bc65e8112a17b897c4ef34004c9c11da3b37
06081,roads,none,development,voice-eval-split-v1,695564287b3496208002dda98982fac5c01f481ec5ecdb4693aa1cafa23fa678
33606,health,none,development,voice-eval-split-v1,695dea9a9866aa2705f582fdab438ed735aac41fc671886be6a9ec68c12950f3
05057,roads,none,development,voice-eval-split-v1,69699809b135003a9f1eef91f5d55a90674bd3b526f567cdf23e345fc63ce1bd
32591,education,none,development,voice-eval-split-v1,697f0f6f748cd87f19bd8cee43114919f7a8757ae738a4aa51209c1778881694
08102,water,none,development,voice-eval-split-v1,69b76e713024a81dce5ae92ca73184e5129beda45bb244f725ee91f5dbb8ea9d
07092,education,none,development,voice-eval-split-v1,69bccfd88ce543584f5bb5685467adfecadca950d866d19d718683e4c19f24a5
10209,health,none,development,voice-eval-split-v1,69c6d413b7e0aaf408e1712fe80967a4e7f5e51858ea14a203b0b02decb01bf9
10227,education,none,development,voice-eval-split-v1,69f62d837c0d3731ce5d214e2588d886c77567f375e18e86dbf99ff8e9e219b7
10232,roads,none,development,voice-eval-split-v1,6a4dfebf3ae82613c58f8bcdeee2841c31482974feaf72fdb25c6f030372f4ba
19327,education,none,development,voice-eval-split-v1,6a8c79d025694254244d2e5b19e7280689597e478546d8d13e681c4ddd167309
09181,roads,none,development,voice-eval-split-v1,6a9f11b6280467f3f9c75b0f4384327b3c50b33858dbbd17b174cdfe05be5e67
03042,education,none,development,voice-eval-split-v1,6aa59fa1f7dae7f6b9b68164652cc78cd952769a32bd01c6615f2e03c6f0781a
29573,education,none,development,voice-eval-split-v1,6aadfc24cd365629b174e9048d9b6e7fed14ed03e5afcc941e7ee5e8dbfd4c6d
10210,education,none,development,voice-eval-split-v1,6aae2e3b6c3a638e573b0b615221804840ac0045f708312e23954754d2a8ca9d
10212,education,none,development,voice-eval-split-v1,6ab38d55bce6c15e3b251921a1a802b28251196782087bfd5a383931ba0a485f
20365,health,none,development,voice-eval-split-v1,6ac47fb4f372963927184a175e79d53d93b6a12957f205479be0b6ef442ec97f
08126,water,none,development,voice-eval-split-v1,6b19dfb11f5df480ac57f12a14a1ec0d17e4e1746a88095ef8035575d10f88a6
21381,roads,none,development,voice-eval-split-v1,6b281d4538e6d929f065207b483179d072de08c3ea8cb4690ed816a3d6792278
15286,water,none,development,voice-eval-split-v1,6b4ff609c7361290d99e72c56dc72388fa356f8c2bc3d4a8ef527cb613d48f28
10220,water,none,development,voice-eval-split-v1,6b7620aeae5f5d3d4ee16e432a2169c5e73647df34cf50333ba11619c557a22b
08100,water,none,development,voice-eval-split-v1,6b76321696f33dda22a14a53ca5ad011e417ebe5310b92f47b718d419db97377
08125,roads,none,development,voice-eval-split-v1,6b890a9ecc0106fe3f8a33a05f652999f3b170c2641dc5bba61004d4131459c2
11244,health,none,development,voice-eval-split-v1,6b9811f667a33cf11b28c448719694ad00430428f17710be693304f032592005
15285,water,none,development,voice-eval-split-v1,6bd1399e3ac03a9358e3dc63c4d95ad4d59f57a64dbdeed03418915ca02e0e8a
24481,education,none,development,voice-eval-split-v1,6bdaeef723e69364e7e227c37a08f7343d536b98939c6c0109869c2d6db9086f
01006,health,none,development,voice-eval-split-v1,6c0e2438bfb346f58f3f6be98fd4f231c9747dd3cda642d2be2477e97d151f3f
10213,health,none,development,voice-eval-split-v1,6c0f3b6abf16ce6aa51c7cbba8c6c3646556a908839cc73bf224d8e4625a6647
20355,water,none,development,voice-eval-split-v1,6c1e024e3f8016271871db4bf52772a4f65874e32c737faee0448738262ff8b6
24490,health,none,development,voice-eval-split-v1,6c6f22b0f1a2cdd908261e80dcaa6769d73a590f0e84d1ae16234b0ad90d3735
17298,health,none,development,voice-eval-split-v1,6c743f9295477074e297b6a2b0844c03661dd6da1241368fdad5c020f5883a79
24483,roads,none,development,voice-eval-split-v1,6caef8e2aaf011983312063a008b914233e773ef0949578c0be02d9b70e219dd
18320,health,none,development,voice-eval-split-v1,6cb7e2313176209e69e301cdea04518d4de2df374d50eba02777958a0400b3cf
10218,water,none,development,voice-eval-split-v1,6cb85b761cbb35025b626dc44476b0883a90c5c909dd6118632287428de6faff
29568,water,none,development,voice-eval-split-v1,6d08e578d7095d24072ace533d3a19658fd184ada398252fb003b6dfb81a7696
24471,health,none,development,voice-eval-split-v1,6d14cf5a0b87d7ed28e040307b6764c50921bcc211cc70beedd9fd2640ee3574
28551,education,none,development,voice-eval-split-v1,6d17f6e3700c5f8cb441410941eaf4915ea96c1d1eac0babd939a1f9de7f7da9
33610,roads,none,development,voice-eval-split-v1,6d1bd5697a511cb4f95f36e683fd0ac00e56233d2170a9da268ef9a523484e0f
01018,health,none,development,voice-eval-split-v1,6d47cf7de93759b624c2583afa42928272bc5ec0b0b66476d3de5411264c2dd2
24469,roads,none,development,voice-eval-split-v1,6d608c0ea5f8cc8a21e252f1b802cfb4f2ec57db5a48a2e650333aa314127ec3
10237,roads,none,development,voice-eval-split-v1,6d7b1e4516c0fba2ba4ad4182672c7c695dcf63380acc9687b6a93a3da4dd1fe
09165,health,none,development,voice-eval-split-v1,6dbb7d23d261acafceaa1ff7f8141cf84cee09edf2f86cae5ca7957858d2f3cc
21395,education,none,development,voice-eval-split-v1,6dfb2b7521e7fe994ca94b86872a4badba59510db7d2d23604faa118dfcf621e
09150,education,none,development,voice-eval-split-v1,6e227672c2abdd57b1f196f3acbce5f8f2e3e27fa1de1ec7b71a5da716fe604d
33632,roads,none,development,voice-eval-split-v1,6e23199b37a0f33ff80a468c59a6b19d5713d2b203d1492ce39b8d17e9bc8169
32590,water,none,development,voice-eval-split-v1,6e3c64f0b396fe4881b37af9f9242a2396f038ed1413f6cd414bcbeec4462f96
20354,water,none,development,voice-eval-split-v1,6e76103e1ffa92030b2dfaaaa5e2b072b452b468c634f147dab48f187068b11c
09139,water,none,development,voice-eval-split-v1,6e7bceb4689dd34cb82bd3564c0177c03f0d9d88bbb8e38517bc9c4c479ced9b
09175,health,none,development,voice-eval-split-v1,6e9bc001c0da0ff760e4d1bf8612a9348bfdfd7e97c2c27985c388e339244296
28535,roads,none,development,voice-eval-split-v1,6eaeac8902183047ffb87d26063a9dff4bb6d79d2b511659bb93095d20b57f64
24492,water,none,development,voice-eval-split-v1,6ecd6d949ee8b24b6785034514c320bc78e247324ba3f991b7c295496774091c
09138,health,none,development,voice-eval-split-v1,6edad4b81375a0e555132ac00d2ad2241cbd58f54a26a55024551d6e777f8285
21381,water,none,development,voice-eval-split-v1,6eecce20d9ba1a01c6f37c89b3b0559c2926a59716a8cac797241ac2c4189078
09200,water,none,development,voice-eval-split-v1,6f097abbe918140b01487ee90c582959c58543ebcbc68353b7ffa2771e9a6cbc
27523,roads,none,development,voice-eval-split-v1,6f104073835a295d130a8fcf112d7ff3a9d2d451c97974943a8a8e570dd93352
06085,roads,none,development,voice-eval-split-v1,6f2c488a73ce9a59941e96d503f7f331413da2247206ef464d41f2e926cf7838
04055,water,none,development,voice-eval-split-v1,6f2f099b5848598fd0f9dfc4d2445538f80315373dd42ff4d1e3cd2252c47250
13268,water,none,development,voice-eval-split-v1,6f62526d7837179abaa110cf325af2a58a9bc988aaee6fd9685e33d85a04d2b4
33631,roads,none,development,voice-eval-split-v1,6f763b49ea611a29e6ec0ae6e43d3433b87c383e937ac56577eb8cd7804f7d58
16290,water,none,development,voice-eval-split-v1,6f7868aa8fa27710e8f3dbe9fa783bbc9ac0dcbbc5b031cd2461f5800cbb3989
09159,roads,none,development,voice-eval-split-v1,6fcc136db15d9f726c9f355565ecffb98fc04e72f0dd11decf0dad379fd27250
23448,roads,none,development,voice-eval-split-v1,701b1de5f7d4a20263801889fb97aa1dfaa439f6ba6cb87a14efe1db26306053
18314,health,none,development,voice-eval-split-v1,706d22d54caea035a915d139bc6cb023ed4090f70063236d0fc17910a1072c7a
27526,health,none,development,voice-eval-split-v1,706da2944fabb01b10866a0b7b36fe5c81ea18d3438aef63b5b4d80572c59561
22410,roads,none,development,voice-eval-split-v1,707a9f8d81d791d1f94429e24a0cf31b41015610b7f92d95c2af8148cadc8576
10227,water,none,development,voice-eval-split-v1,70890d7b9f5a61f993a7411f824000833c030f0ee65ce766f4f8a6e01280fe31
34637,water,none,development,voice-eval-split-v1,709238cf739151528ae4b03c4b37e5a27bcfce905f690298169af690c8966c66
20366,health,none,development,voice-eval-split-v1,70b2138b060e13d5bbadd5d5ca4a13fd7f4c186aae9ff98406e0f8b6eda33801
29567,health,none,development,voice-eval-split-v1,70c01a47768b9b5aeb26fac52333b86c7935557460a01bb93af3b19380c0c39a
27519,water,none,development,voice-eval-split-v1,70e6321e59a107703912cd2a3cd6dcb64296124746f727329f838ce961f445ed
21392,education,none,development,voice-eval-split-v1,70f689981b57e522dc59af9c509c2efdc9cc8f704d8880181bd2fea3148b372c
06074,water,none,development,voice-eval-split-v1,71107cfb3d5ab530a02aa5d740b3de09fa9ff00b41dd5a1e29015b5b2d53b3e0
27526,education,none,development,voice-eval-split-v1,7141d207761ee1df83da37ce3b50a9a92e4c0a00946c116fcf7d6f752cf3c9eb
29565,roads,none,development,voice-eval-split-v1,715ab1dbae06f78c555f23034991318e9d32d03ab7bc81d6e216eb3d3b12ed46
27524,roads,none,development,voice-eval-split-v1,716d6ae10bf7fa3f0e100dbde73af02bca3279146f08a37b6620d015802a3543
28533,health,none,development,voice-eval-split-v1,7170d2bc2d5033db197a07d22c6b401eab6a6e46f1d5c27e9d33619b2ee42951
13261,roads,none,development,voice-eval-split-v1,7183166d6c56b09f59508761e96b1e27fcfa002b0feec319b9d4b53295792ad5
06080,roads,none,development,voice-eval-split-v1,71864117edde1521b2da5b1ee8fc378e1198c19e5303c40df190895133fdebe4
29572,roads,none,development,voice-eval-split-v1,71aad2da9bb8934526b6e56c4ceca860cd310ae85d9c1cc8b6e67af56e1d40eb
27498,water,none,development,voice-eval-split-v1,71b137fe172f98f8cbbabd763e095d41f3ed839afedcd678d0c60c124377211e
23441,education,none,development,voice-eval-split-v1,71c9ee5783e0a34bc733e16f1a864d3092684a949e7f2dba0146db011088668d
18309,education,none,development,voice-eval-split-v1,71ce08a012642d3f03a3e9674eb3fb96e02eb60e846c1ccf1525e79928f43da2
11243,roads,none,development,voice-eval-split-v1,71cf57374cd8a362b1c8b2723328eac1c3c82bce587599ab02ce66272e6a88b1
33614,roads,none,development,voice-eval-split-v1,71d2c9e24bda6c01b04a1ffd9e299ea193b8d44e9cc7fee74bcaef93172c0b10
15281,health,none,development,voice-eval-split-v1,71e23284aa93a1e347f16ea527d312cde3593f2fe0c9207e0e7407d0d0a92737
16291,roads,none,development,voice-eval-split-v1,7227a3d61cce67266e8b99dfcc71a8ea8d359a3b0b16f339e4566f4963ff12f4
29559,education,none,development,voice-eval-split-v1,7266f2eb2c07a363c78c26fdc2308a001283d2884fb80ea37e12a78dfbb18ad3
09132,education,none,development,voice-eval-split-v1,728f8d070263a70251cfa02178ba5bff4f8b42aa3d00e5c4f7453cd99ff76c8c
27504,education,none,development,voice-eval-split-v1,72ba935cb6bf725c40bbb28e9c6cfc44a5c9eee0024c10886474ef9b3df88066
19337,water,none,development,voice-eval-split-v1,72c64e9823c0d25d22559246da675d924bed02864dd2e55afca2c59f992e2bad
28551,health,none,development,voice-eval-split-v1,72d00bd8d2514136249c24d95a77350ff4c9485e0c08a2423ab78be747b1c989
10207,education,none,development,voice-eval-split-v1,72d4867dd08536b2f236695ebecdb6a74408d42795b4a1c355c96a1ff1ae09ca
23445,roads,none,development,voice-eval-split-v1,72d4996d37a3a4e5172ee9821c1b94cdbb056af8b4c06726596a1418ee25d371
24476,roads,none,development,voice-eval-split-v1,7300acb1f6023c3e372161dfcf6f0b0cece6b4bfa4164826285a7845b63207e7
10212,roads,none,development,voice-eval-split-v1,73146fa6aa0684aadfdbd3a5524e4a77387cf8774f944370ad174f32d5c9624a
18303,education,none,development,voice-eval-split-v1,73223143d471d5a1d73f4c8bcb0801ec7d51d7299d2edb001ae1aedb8239e865
24476,water,none,development,voice-eval-split-v1,734321eab67b9f657d512555332f62cabb12ca1379c2bc50569861e325300abb
23467,roads,none,development,voice-eval-split-v1,735f3c8f77c6a9040c55324748b507dc52dc2a006701d3979856b3f2a3ef5be0
09170,health,none,development,voice-eval-split-v1,7366bc28804d8d37fd9a1f282949bd3fb947cd587a4d263980e93fe53aa00ac4
12256,water,none,development,voice-eval-split-v1,73ad91351f33950f390acf5d2cd8f326616e340ae8d5d067ec66bed2c8ddd864
29576,roads,none,development,voice-eval-split-v1,73adba091a1bbe2851c398deb05c159499f683619e42a9c95968cce67e34fe41
33628,health,none,development,voice-eval-split-v1,73aea26dd8d1d861a2245dc91673863bb397df443d45b885de090865990959a1
08127,water,none,development,voice-eval-split-v1,73b7d0d122985fef4245c7f94ddc291ef0abbc9ddc8db7b8eab1cb54d720832f
18322,roads,none,development,voice-eval-split-v1,73d463f042c97c1c6462e4c0a645bb37a21b5217f6f407a7d17398c7f4dfedbf
18311,roads,none,development,voice-eval-split-v1,73eb7120014bf218beeaed02f1902f3c7a9c3497eda49a218ce729ebb3f9701e
23434,health,none,development,voice-eval-split-v1,740d6b34c8bf8ed3d4e23850b46daf58dfc98b055225a32d8bb0e62af91ca712
01014,roads,none,development,voice-eval-split-v1,7421bd7e784f40dafcf27d263acb1792f1dc0c4f28e1ac39156156548f2e6eed
27500,roads,none,development,voice-eval-split-v1,7465d01b7b6f380e24d0f1f03d9ded7917c164f9e7ff02a1b833c0717a1db246
12255,roads,none,development,voice-eval-split-v1,746d453cc941962766846c55b6fbea40feb00111a7d92141fa8d4e6696b7a8e9
23424,water,none,development,voice-eval-split-v1,74aaa6b93d272ac905d5e4631d340c4ad13d61bc631950273c51dba6a48518c3
01011,education,none,development,voice-eval-split-v1,74b58e6b9ef21a6ff1f9808c6d36f018fda6ff8cf3a56b031df629bc19e30a98
10219,education,none,development,voice-eval-split-v1,74d1ade37aafb987728e24759a2e63913afccb70d3092e02c3080182f132ca9b
09136,water,none,development,voice-eval-split-v1,74d2f5ff13f6a42e5bb9487dab9e68875ec2eb31d697a2d2f14fa53df88cd10f
28548,roads,none,development,voice-eval-split-v1,74d87c561375fc12c3caba3aabb7ee60c2773491ce96c3d65e222f8a4dfe8964
28552,water,none,development,voice-eval-split-v1,755d20912e001e8cff7996f7036d2857e27b17b14ec60e5710337198f1fb9bdb
11243,health,none,development,voice-eval-split-v1,7591dc96f788d63cebd1d9dd1982e424cbd62505c3b5b8c589e37e3bb00d5811
21397,water,none,development,voice-eval-split-v1,75a0aa5a88661758183d945f599678cc4816adec4e0205c843ab6fff8c538a29
08128,water,none,development,voice-eval-split-v1,75ae84d6953e5663ecf9ccd03d61313a72b035a32118133609fa4b8297f834a7
34635,education,none,development,voice-eval-split-v1,75b6adfc11853b5c354d480b78f2bec83a694efac1f34e8713283c80717a8d84
03049,roads,none,development,voice-eval-split-v1,75b79847a334378e4f53172a2226815029a4d90ddfb5ea32b5ae7ee33b65a009
05060,health,none,development,voice-eval-split-v1,75e66a8f13331573a553a0574a308f4ace6c740343d5c3e0389d9d7cf8c7cacc
12254,education,none,development,voice-eval-split-v1,75f02a64740d80fdf77f82a94775caf3f49ece98828417eba0287f0df3494b0b
14274,education,none,development,voice-eval-split-v1,75f2300c5e7c3c9304f334161d1aa3f4e0bead64b76eed53391d7b23f19a337d
10222,water,none,development,voice-eval-split-v1,763e8fe8f538cb76c56b7acff2873ad3648269c26c1392e53639f3157f4bfc88
10239,health,none,development,voice-eval-split-v1,763ed3a199d85fe75f0a9dd5295d84db615dff29a71c190e056daec9cfa30eba
21395,roads,none,development,voice-eval-split-v1,764f2cc060ba32f1e9911307073d3ca0dc121652e0cb996a0cfe7c7dba6e9ed7
19331,health,none,development,voice-eval-split-v1,7658c89e9401ff6671e2a5ac546f2b6ab186ec58a6794dde6b4a0c8a96554658
22411,water,none,development,voice-eval-split-v1,7678338c8412048a6c8cf39b5d8505f792aae7a8c88686152567473585bf8bb5
03046,water,none,development,voice-eval-split-v1,7679230c179e6acdd9ca25f2f39b8796ecef844ca015da990e33421f28ef4041
14277,health,none,development,voice-eval-split-v1,768bacd0f3fdb528d134d8332f066e5e8da519d7ec23032f58887c2421e11ed0
22413,water,none,development,voice-eval-split-v1,768dca02a160dca5632087969ff69716e7c0ae0d1ca54c6a232e9a01ba9b52dc
33619,education,none,development,voice-eval-split-v1,76f270c6c161bcba2734723bcf8f8dbbfebabcf8fbe82780828d7285a57b2b6d
27531,water,none,development,voice-eval-split-v1,774024a3eb90c2f0fe6e44a12fbdb0758e47f5b7eb563ec1c97053a53abf5c25
33611,roads,none,development,voice-eval-split-v1,77ad4359a90aac809bd0308aaab8301b044cb67bf26ac19a512e9d23b5cdcd37
23422,water,none,development,voice-eval-split-v1,77b1006ae5a776c80b14bec06819dce7416ea2ead3324ea1f1a229673ef5e22f
17296,health,none,development,voice-eval-split-v1,77df405fd1b778a923836ef1631a24e6bf3fbb367455fe0a04ef2f5596100087
24480,education,none,development,voice-eval-split-v1,77f2911bcbc5033e609623fa3e95bd4abe2c458393098c2bb89eea27498b6ec2
21390,education,none,development,voice-eval-split-v1,78e1ae404925d5e9bb586b0776399bb851d3d326fc1c92834b61faa0e056013f
22405,education,none,development,voice-eval-split-v1,78f1e59fdafacaea4e1c8d81e1c2cffe5ed302e87ba56cef7fbbd961a9f51003
18312,water,none,development,voice-eval-split-v1,792b1203f77cda6c167f485ca998b616a615b9f3b37353d8cd083253bd46ae5f
32599,water,none,development,voice-eval-split-v1,7990570163f8bb2388c0ccb9ad838d2c3846bb8136e74d80f3f7f65a019453f4
27508,water,none,development,voice-eval-split-v1,79b8fb4d4d31de73b0a16c325895db4999bd7dfea152c34657b74cb8e977785e
06075,water,none,development,voice-eval-split-v1,79d0c09debeb1afcf163d340355fb28c52e5c1820c324b4d3c3ee9163f48f1d6
09170,water,none,development,voice-eval-split-v1,79d60cd7a6cc5de24ef05aeac23ede6ddd1fab3f6f552754edb0d52c5b83a5e1
08103,education,none,development,voice-eval-split-v1,79e4a4c4449ba10442273c903139000a2424b6bc02a0adca293aee8fd1c58588
20366,roads,none,development,voice-eval-split-v1,7a1e4ff104513c363122aa2301598899b95fb135a87d3d68e0fa7fe798d7e9fc
22405,water,none,development,voice-eval-split-v1,7a29dedf773890987e03215bf37e55f58ee71f1d3e90cd10b4c796ae1cb91e50
10232,health,none,development,voice-eval-split-v1,7a2c8c3d837b5935a014ee62790e46edb145d01740a1970a2d3c58b07af336b7
24491,education,none,development,voice-eval-split-v1,7a4e4944d738f17bd7634311b3290421e17d53a04a72581b2ce56337b4032712
27509,water,none,development,voice-eval-split-v1,7a751046fd9462b475bec72d4acf367502dd3b182ebbc2e89d681fb72df3f9d3
01015,water,none,development,voice-eval-split-v1,7a88dea32dd2e2b8e3c215bc170aeaacc491027d4c023b9c48e88fe736c45959
08129,water,none,development,voice-eval-split-v1,7a9bc6eec8aa3264db11bbdda3313f1caa6038d10262e3216e0d8443074475a1
23459,education,none,development,voice-eval-split-v1,7ace0054b5777291567d3cf31f8d4d722014ddf71f8f9e42d3d49b1b7d83143d
09171,roads,none,development,voice-eval-split-v1,7ae6f59ca16126af96580f1f4d3bfa17d65fe1777bbdf012a84a76ef4b9e2f04
20358,water,none,development,voice-eval-split-v1,7af40464940e47f68bb5f1447a27f4b23452ba4b45cde30c040fd3c890abd7b7
29555,roads,none,development,voice-eval-split-v1,7b06bfd2f5846927257cc6444ccd55fb0399036c10011d9330cfba592c647438
22402,health,none,development,voice-eval-split-v1,7b213c1452f4c51b02e0adb4bfd9648288e7c90e1043b9e1a3191dc543eeac07
09177,roads,none,development,voice-eval-split-v1,7b3509248c37fa7a85288d95d89521353ba6bf66bd573e35286c8b2379e1dc2d
29573,water,none,development,voice-eval-split-v1,7b352bdb34b94cf1939fd69123727055f6180e52d7d46280a9e10b473b15db6f
10235,water,none,development,voice-eval-split-v1,7b3c5148cc16cc1ef00bcf4a419b7ba76f9ae58e792f16a1aea17bddf9b17d79
14280,water,none,development,voice-eval-split-v1,7b62560e9392a375f3e505bec51e1ac7277e1514d587f48931d66388440e606d
21399,education,none,development,voice-eval-split-v1,7b7c59b3705d813146660886e81eb7654a8fd9ac84502e85233c04e314bad7a8
28545,roads,none,development,voice-eval-split-v1,7bd938fcd7d397f044e61dccdae770d08bb8dbe295e0d90a14a194739b2ce7eb
06078,education,none,development,voice-eval-split-v1,7bf5f0770926606902e82509f660bd9a2951ff97d938ebbe9f5d37ffff079b8b
05066,roads,none,development,voice-eval-split-v1,7c172dda2e18b0b4b8a75cbe871dcb81e8161bff435e9015c392512e5bf71f8d
09150,health,none,development,voice-eval-split-v1,7c2a9453cc98207eac3d9dfd10ccb9a746db01ff00aa7ce0a0cd23da5219b308
26496,health,none,development,voice-eval-split-v1,7c381811a46ecfa0e7e32f85b1fc4b70bd38e01b43300baac5a06867285dd02e
23467,water,none,development,voice-eval-split-v1,7c4ad060a9dbbdd1269eac4a20cebc16d7ed46e5d9b89ce32a66caf4c81a2f0f
24484,education,none,development,voice-eval-split-v1,7c53d41be7e8486ed6a8f34bb8d15473f837fd75012dc579ec60dc508c196366
14276,education,none,development,voice-eval-split-v1,7c54078817617fe4b9c7db7f96e15d76b3dd07b39902a313e9c8c318bfd59a87
10219,roads,none,development,voice-eval-split-v1,7c5ee9da023b1ce26d6f42df982da6f15d6d4d94e4d8055d8fa85d85bb4ee6d7
23418,water,none,development,voice-eval-split-v1,7c6a01c79816a0a23e3fd271ed2c13be25ad4ca4a5ec7abda9b54469197fa32a
13263,roads,none,development,voice-eval-split-v1,7c81f2117afde6236670529709b8f5f01005f91b99c13bad9e08277c4067e205
09135,education,none,development,voice-eval-split-v1,7ccaa0c6ebec37624143e243f8b6a55049b13050f30debbab2feb31af2d9c3cb
27513,water,none,development,voice-eval-split-v1,7cd5b6c9d98989b40cd612beb361dd2c71ee701e44aa19bc4fa175b61366f40a
33610,water,none,development,voice-eval-split-v1,7cdec54059c5929cabe0e73cbf67a90254c3a294285d96be1a455e8830c2ecec
05067,education,none,development,voice-eval-split-v1,7cef8680a6dc99eb8ae8055f149d8a93f97304e896763ea281104d9896900042
29569,education,none,development,voice-eval-split-v1,7cfd3a8d28b075e5a59d4d3c17cdae99f5c4a5ed253bc3c0dc1b39cd896d5500
09155,education,none,development,voice-eval-split-v1,7d076d3bfff0b91116a0a1707d17f083b77570bb74c134153c8f7fad7e82fb52
23459,water,none,development,voice-eval-split-v1,7d2661f1c9b9b3d6adb11e7b738f551d649184676342610c872958961cfb3d0a
05057,health,none,development,voice-eval-split-v1,7d3be66ead1ba29eab663cbf4dc2fc318d37579b8d291cb866f96824de9b358a
24482,education,none,development,voice-eval-split-v1,7d5083d98c9ee3adcc83980f349488a97d895736e21db45726b684c182c3d03f
09140,water,none,development,voice-eval-split-v1,7d5b824abd63f180d96247130d38fd2c7a0728731533618eecb07146ea3be147
28544,water,none,development,voice-eval-split-v1,7d5e27d6c3174882fbe230602de74c608a78063eb8b9c454a2a680650c55eb53
28534,education,none,development,voice-eval-split-v1,7d8064885392906663b4b59e74eb1e0c3eb49848f793974510b78144c8b25e7e
22403,roads,none,development,voice-eval-split-v1,7d9c75ff48da9537c145cd01436a4ea6fc1e31e33fb5b9b3a44f883c790b5091
10211,roads,none,development,voice-eval-split-v1,7dc41edd12d6b0d97d2ccc29e8889d616a8d1fc190dfc9564ec02a782ed375f6
19329,water,none,development,voice-eval-split-v1,7de6ff5f6cd8919669e10702863f706dd326fca8ff769f30138f8ee4739d6809
06089,health,none,development,voice-eval-split-v1,7e054ad0872ea65829803fdc74b8aef20d362a9918d35277395fc9258570d97e
18305,education,none,development,voice-eval-split-v1,7e0f532e3fb01bbb0025c41debd3698720bd86a9222b11007a6b18236c7298e3
27499,health,none,development,voice-eval-split-v1,7e40e973483cf08f4c4efb444aebae06c5dc87486ccd81192729c7a4e42a5a69
32589,water,none,development,voice-eval-split-v1,7e4599eee51cf71e2d29978ff46346d88a0dbec495828faf1f0e7450e97ea1b2
03046,education,none,development,voice-eval-split-v1,7e63356a0d6d30342e66acfa285e97d04f66ffb842df808ae192546c3cb10773
29557,water,none,development,voice-eval-split-v1,7ec376942ba087847b778d948e841546a434fc78fb63229daf39998cf00fe507
23448,water,none,development,voice-eval-split-v1,7ee9d86f543f955fc80e94c0ef9a1b5a40db4ccfe090ec34be374d5e8bb2729f
29574,roads,none,development,voice-eval-split-v1,7ef1762b6876d92461c2e77e8b9d144c9e15c909e7c50908ce906b18e0db6ed9
05066,health,none,development,voice-eval-split-v1,7f62191fd4d2dab9e63bbbd514f1de092b8384b2b5a488cbc2702b9be9e894e1
10228,roads,none,development,voice-eval-split-v1,7f697a3c9a35499bf5bc3ec7c8bbac38ffa18a43b53876d05cf81fa581ac13ed
10210,roads,none,development,voice-eval-split-v1,7f7c7b11cc74d7f7b4afce70fcf74fb619ff5086551f5b6edde16c5114ebb79b
09148,roads,none,development,voice-eval-split-v1,7f8c61a3be0aa490bcd8f3c2e7cb2a5c95d07c844a5e9688c7815cea69fcb47e
27511,health,none,development,voice-eval-split-v1,7fc97dc204203e0b237e36c902339d68d683aaba5df68f3b5faa12455ce21ddd
07094,health,none,development,voice-eval-split-v1,7fcece92697772e62ccaec2e96b2266f730fc092996551e6d4618a11f4841bf6
09156,education,none,development,voice-eval-split-v1,7fd2aad179853649450381145597cd60c121bafae3587c664a5d64b031a29ef4
03038,education,none,development,voice-eval-split-v1,7fd902239d0b22ea7539f749259521bfa0885745643a41bb1e6ecbd192811649
09168,roads,none,development,voice-eval-split-v1,7ffafaf1be755f4b08ec24d7dc7c5e8a05bf6ba4ccb9f64e6d591ca1e8a11441
08115,roads,none,development,voice-eval-split-v1,801541a10f5cb04aced15657a297925cd7a090b2737ef61f05164448112ea81e
19330,education,none,development,voice-eval-split-v1,8028bae97231627934bf954d1688cfb3323761c4fabaa51216e96f9cb7db2113
21373,health,none,development,voice-eval-split-v1,8058af5cb8c958079d7d607495632540e269983ba13da0225107b0d01b690099
04055,education,none,development,voice-eval-split-v1,806f63a393e8e9db77a378010cb440f5d604751cfec84f4417dd00f88fc69e7d
29571,water,none,development,voice-eval-split-v1,80acf627a3e6211d78d3f22cd8894e29f5aba8df36b53c962258cabdddf5f9a3
33629,roads,none,development,voice-eval-split-v1,80ec943d4b112ccd46cf032312d19e4a1b80971ef7e60f6256d0ce54092cad06
19330,roads,none,development,voice-eval-split-v1,8102ef6fccedd13e19f25c6fd02d6781341810b9b276cf3ab454068248e3ee97
09138,education,none,development,voice-eval-split-v1,810a05b4cc97d65c9ab906e8370e9fce023c67d67a7e54511eda45df5ecd5ff5
28547,health,none,development,voice-eval-split-v1,810e57afc8ae0b46bcb71a733cfd84cab0c351b581327c4a185f1405cd5d381d
29583,roads,none,development,voice-eval-split-v1,8122ed009a0f8ff6d88b80a3a49f78374f21e988c5eab9d967ee4a062ef30b00
12245,water,none,development,voice-eval-split-v1,813cf8c2447aceec544c46891a1982fa8969a638eabf79180095c2ce39e03fa7
23459,roads,none,development,voice-eval-split-v1,816769815a4efd81b6d33f4e7120dc05d1682ee5b28564fc860bc4f35eef422b
23420,health,none,development,voice-eval-split-v1,818a413e41b84061e855cd123d958eea160ca8aa76aa86cf1d66f81b124a1b98
09169,roads,none,development,voice-eval-split-v1,81ba3371e1e0c68fed35f0178dbf3e675519dc2454684f06bba29b54fe0886c9
27527,water,none,development,voice-eval-split-v1,81e5da8310b67376d243019cccb1265d0608247a856eff5bbd7f4300b0312ee8
27526,water,none,development,voice-eval-split-v1,81f539be4b19c49da199eee42a4ceac41267eb2a9df9064d30fa395225a0d12e
06083,roads,none,development,voice-eval-split-v1,81fad8e9da436d83e7a14dec9f551bbfc8a3337814e814d182e5fe8f7e96f1de
27505,water,none,development,voice-eval-split-v1,8207f9bdd1f44fa4c372942e26ad9aeb6f8525a8a00c0d6bfde5dfee1727615b
08112,roads,none,development,voice-eval-split-v1,821ec7987e04b52ddb6508fcef82a03222adcb0c8cb77b9e1a78610656308a6b
09196,water,none,development,voice-eval-split-v1,822cfccebb9ebd159b0ef4a53713bd120f2202d1ffbb892572621bb70dc954d2
17295,water,none,development,voice-eval-split-v1,8233b1c7c345b116868b75ee0564ec85d480e7f03963bd9a977735fca3678097
10225,roads,none,development,voice-eval-split-v1,82550eb83319121dc553baccf84d466b4a00f41f5c6afdd3ce16a8a4a0b840f8
24492,education,none,development,voice-eval-split-v1,8280056889e059bbdf7f07b5d1a6db6aebd60fe457c0cced336959437216514a
33617,roads,none,development,voice-eval-split-v1,8282d0c1f62d34e9fe0eb0a24358c8d6b7f11f9ea3e99789076a3b80cfa5c86e
01010,health,none,development,voice-eval-split-v1,82fd94d9201a7e64fecb3933a8302c46d023a5bbba332317abeef0bf7b1a6333
08101,education,none,development,voice-eval-split-v1,8305b7cc47e85e355f470cd780aad05ccbc9a63d32ec8d5cdff2aecba19f7f0e
21376,water,none,development,voice-eval-split-v1,832d8fb480c61c3f0faa29a78254841b9c2df92a15f8c98e099d16a2c72e235c
05067,roads,none,development,voice-eval-split-v1,83371e55a873677a096729c75791aaf1201a34f002908b7650f0a24330832740
09184,education,none,development,voice-eval-split-v1,83489b405c232b725dc097e6f7442fe34142f1c7a998fb997f27d58e9199334d
21397,roads,none,development,voice-eval-split-v1,834fff1cec2f982adf7c9de847ff550195c2f3ff1bc2d5576088a937cd137003
18310,water,none,development,voice-eval-split-v1,8367f95a6b07422c48386a8658a149e193b4a998c460c0d4778fe48abef9a4ca
33609,roads,none,development,voice-eval-split-v1,83886eaaa4dd47d6065b8ac4bb9f05bb3cd42b695c7d68e75055a37881990ef7
08104,roads,none,development,voice-eval-split-v1,83bcb57ba1a386aba25bc4554e66ba33124666fd1e925e36774ab7d7c88bf2d3
29561,health,none,development,voice-eval-split-v1,83caf5220e51506b02573c26b360ae52ba6087821aa2963cbce9633fc262c3c7
01005,health,none,development,voice-eval-split-v1,83d3f960604d889964aba53208f4457f28f2d91320f96326bef747f36806cb93
18309,roads,none,development,voice-eval-split-v1,83e0e48ac7d810dbdaef0f9312554e51f5aa550c0f9547f12cca3351cb268bf8
10235,health,none,development,voice-eval-split-v1,84046d4317a51b1595506eeeb32e3d33d75d177d2b9a18572ffb9500403ab7ea
09171,water,none,development,voice-eval-split-v1,84161ec088baed6e975276c51a8a92bf29d50a3e5312fc1471ce2978c3670321
29567,water,none,development,voice-eval-split-v1,843a12d8fca620347d72e51453861d27420d3d70616a3e2176d427e2a08d9adc
03039,roads,none,development,voice-eval-split-v1,843f583098ccf723db284c0c92d67e217f30bd316c1cd4dff0291d6612483cdb
09148,water,none,development,voice-eval-split-v1,84770dde8b2ff9a01388d1911a057c79e3ca5a87487d2886963f4d4f9e667a3f
12249,roads,none,development,voice-eval-split-v1,84a03b6beb98cc34238017f3811ccab06aef63f4256d05b11dbc65f10f99f6e2
27531,health,none,development,voice-eval-split-v1,84a2a864c04f752cfee284c503d85055a1227be64419706fcfb30e87fb9bef11
08112,education,none,development,voice-eval-split-v1,84b131be482b13966e72bfefa4eea1ec7e10e013da71f513ff2e7105354eabff
23447,roads,none,development,voice-eval-split-v1,84de5eb74d6bbaa208815fef494bfc60037272eb1e50d9a1a90d25006de04a32
03051,education,none,development,voice-eval-split-v1,84e66ced4b3e96b83dcb56766498c024f16327d14df0d27c646cc830887ebd4e
09149,education,none,development,voice-eval-split-v1,84ff757f279238c9f460108f184018fbc6f346832c5ef489aed3a30ec934bdca
09191,education,none,development,voice-eval-split-v1,8535e1f8c44aa5d674f3c3e06fd9e8e4a11473087bfa9d5821774b0fb72af82d
18316,roads,none,development,voice-eval-split-v1,853a1e9f7029a0dfa22541abaa6895807221aae77548de02838ecd7998558253
20357,health,none,development,voice-eval-split-v1,85508bc642b5aa2c43321f3d9c75a5f5c6f03a66e94adf3393a608e459f9cb87
19340,education,none,development,voice-eval-split-v1,859b4661a511aba806f1380897bcd8ad6c9bdb46595a7b0aaaa0d90f531094ce
13265,health,none,development,voice-eval-split-v1,85a927d2d716a5b16abc17bc88c1ebbdf543d0913de3556e9319dd7ab2ad4eee
32593,education,none,development,voice-eval-split-v1,85ec7416578fc895a63da9a48b3994267aeb358a839911689422833ef5220231
27517,education,none,development,voice-eval-split-v1,85ff5937fd9c3861ef0b61863e5c5b3de6ecf457fe87e14666b1aa53dbff7c18
01014,health,none,development,voice-eval-split-v1,8603496bbc74e1ce4318fc5356687be4f1b6d8f29e00eba137ec3d17a6c25bb8
10220,roads,none,development,voice-eval-split-v1,8610943c40f5b949a7b02978d602c46869c5b92206c3329ccbc1e540ea543782
23434,education,none,development,voice-eval-split-v1,86218062e183a1d7c1789901c0e450461c072180dc86a6f5ff041820c3386d20
01007,health,none,development,voice-eval-split-v1,86266f412a1f3e6d61d625de746ec04b84e0ee89eb5ab7cd22df0791d019293d
14276,health,none,development,voice-eval-split-v1,8642bd8a3c3747e9e6c868dd1ec5ed6571a9dd3942d7bd6d72a32d98143bd0ee
27512,education,none,development,voice-eval-split-v1,865979a8a2e5ff8978d79f024cdd51e8ffaf892cfaff746872140bce5a9e0d9c
23449,education,none,development,voice-eval-split-v1,8662d3a6eb763ae1602f3ae0a8616bb9fb31da5dcb2af82acfecbc882bb4076e
10204,health,none,development,voice-eval-split-v1,86635b2064b6c13baababa8d6ed961e5d7487a487dad83cf6444e7b7c6072b92
20355,education,none,development,voice-eval-split-v1,8665448074e293256834d8df203f47a5f27ab9f9ad227c688d8f9bf332d78c91
10238,roads,none,development,voice-eval-split-v1,86701f46208afe444106fd0f83e0368980514e3b266086f247f8a60929622db8
21374,roads,none,development,voice-eval-split-v1,86981ddaa78ce3946f182728a1623d13b39886b970af5063950055b28fd8086e
10216,roads,none,development,voice-eval-split-v1,869bd5af8671824463e281a9407a8f5f9eef621fbf881a05281e6e676096afe9
18319,health,none,development,voice-eval-split-v1,86a6b1b52bdcaa9b8ed78a05cdbe482a76fad5c8f0a2edf0ed7a3021cc408bce
09197,education,none,development,voice-eval-split-v1,87071fc28b5d25a7de859766c6e10ce7a65d136db1cebaf5ce7d20071b703de7
23434,water,none,development,voice-eval-split-v1,873e86e4d75b7c5217b25462d58a67791741e87749ba200f6ab7336945fdc946
24478,water,none,development,voice-eval-split-v1,87478fb5c97ed0ce402eaa4bf0afbd0cd72204ee27f6a466ebd34da98d77617a
10226,water,none,development,voice-eval-split-v1,8755c7137522fe7623a97e95e79b3636183dcc22905384a12a53f17ee15a89f9
06085,education,none,development,voice-eval-split-v1,87ccda749607cbaa25276e35012b4c3ce358722ba102ce52c9b68932bc3bb946
05067,health,none,development,voice-eval-split-v1,87cea681583a16366eef3ca50e0f2ac75dade63b802751fd6210c9f994ff36d8
06086,health,none,development,voice-eval-split-v1,87d1dc9e562a54f378ea2420ddf4ee6b396b57efaa95436e7a685f3c0b2e54a3
24468,health,none,development,voice-eval-split-v1,87fc28e13291fd1c6dddd31024f605f03d068412e45d959bfb103214a7b3eba6
29577,health,none,development,voice-eval-split-v1,8800292df3f89b070c0097f667200e85a25deb99cdbbd2d8aafbbd9ca43127c3
24483,education,none,development,voice-eval-split-v1,88117472c10f47a526d1a8756a33522d3a90baf81c5fc8533d3c91066b60cc8d
11242,health,none,development,voice-eval-split-v1,882b20facb5e59061ee21594279226d333ab32a791344f56ae015e22095d970f
03040,health,none,development,voice-eval-split-v1,88636ac20f61b9e0520a7ff4709f7ad0eb2f5fddd68f6a180ee63f46a5665df0
21370,water,none,development,voice-eval-split-v1,886fb85081314a8d414cb2bb09b198279f4219af0f34e46526627d8ec1638bed
32589,education,none,development,voice-eval-split-v1,887a08948df01f9733eb7ec6c3960fbbc16c91a1a0c802d2b9e5175278022934
09166,roads,none,development,voice-eval-split-v1,887bad8024679df6f02b35c1c2492ec660ebbda8bd556960e9eaff8f2b5bf83e
09165,water,none,development,voice-eval-split-v1,888e9a6ce6af659e0c15ec92640d5280622e93bfe33360c0552b3b8ace291337
24486,health,none,development,voice-eval-split-v1,8892116f9498b136abee57382eebcbee98c4572f736565b1e0980e62e212dcad
09147,education,none,development,voice-eval-split-v1,88ac72927eb7160bf1cf7bc603478b794dff55ccd7f2ad3a2147b2c18a8e0f71
27506,education,none,development,voice-eval-split-v1,88af59a101147c57985661b7b61e5b5c94565afdca5f184a5e0e38faf813b339
24481,health,none,development,voice-eval-split-v1,88b4e751bf415943a8c8ff38d0c5814ba61f91659d9eb0bf458279474af767dd
09163,water,none,development,voice-eval-split-v1,88bcba24c0f309fe3d9faf92eda440916af3413b1d643f72eb852b16a92fac54
05063,roads,none,development,voice-eval-split-v1,88cf72acb6fe7e24ff9060c9a11c08fb15dac75bbd1f93c9f1af5fe88d4e1c33
13270,water,none,development,voice-eval-split-v1,88d92ce386996fe52d098e66f50b5c870be6b3190559cd6e7fae83bad8b220bc
08116,health,none,development,voice-eval-split-v1,88e3698355cdad37deb5c3cdc40e21480a91089a9b31e64e7f6ccfbee0f9d496
28553,education,none,development,voice-eval-split-v1,88eff795cb9a69be52cb724c0a5ebd4d46d0bc93891601476d90cd5ee2ab0f69
28543,education,none,development,voice-eval-split-v1,88f31193ad831460d9ff414a5e76ed71ba0e62920148839f1ff03a07a6031bea
29560,water,none,development,voice-eval-split-v1,88f5ff42d4af0bdd967f0a835e6fce6ce5b21566429efe132e883fc55664834f
28544,health,none,development,voice-eval-split-v1,8916143cbe5a7324a0d41212e9f8ccf7ade4a0fae513874c5aca9e6d03092164
09194,education,none,development,voice-eval-split-v1,895512f911e77ba61005f66fbc9ee10c862bdc402231be60e4e3d7b755814b13
24473,health,none,development,voice-eval-split-v1,8959831c3ab27189928558be8374a27fd87bb5dad238d56edb1c83823a282213
22417,roads,none,development,voice-eval-split-v1,897c06d5feec2e536b6b79b282818e26c533216dc71a25b187f0649c70e0758c
22406,water,none,development,voice-eval-split-v1,89afe03a473d45f597ea181b665b9a2d140972f2bdf355c0c4c11b7688f7582a
33613,roads,none,development,voice-eval-split-v1,89ca3a69e47e849129777005e829af9920be974a5917015eef6e6cf5e84dace7
09192,water,none,development,voice-eval-split-v1,89cceca07a9b54172e461c9c116f95ae6c03daadc156c198d332d70a7c91898b
06073,roads,none,development,voice-eval-split-v1,89dfd7824b7dfbed3a73dfd041e8d2327e00504360ff1b09732b1fa092a6e9c8
23449,roads,none,development,voice-eval-split-v1,8a058e12a1a9a288004434693b1ebda4478596ce2d9526df6eea97b57b72bf2d
05061,health,none,development,voice-eval-split-v1,8a3767aa142eda43561099bbbafc49d80d3d59b7f5977969dc96b821bf4abc16
10213,roads,none,development,voice-eval-split-v1,8a45475bfbf2b9b60ea96bf6ce6e20c099406fdb732138de0faf6ff2feea824b
23432,health,none,development,voice-eval-split-v1,8a663f444099516e518487aa64d82a6b024ddd029be40831bded21890f6be99e
08119,water,none,development,voice-eval-split-v1,8a98aa375e31f587203374a8f4bf1267cb01d52c8e10de22ee05dd4441cecf40
28542,health,none,development,voice-eval-split-v1,8aec77a7c5f0def2d96367ca72bd0ae14a486c6731bf3493156fc415f1ece91b
29584,roads,none,development,voice-eval-split-v1,8aeebefebff463f2bdff592d23ab9055fd30f6ab8a6e3a88ea9c2f56f9700d97
08109,roads,none,development,voice-eval-split-v1,8b01add25982d9a1cf38817c1ba8711df58c532e9bc95f276f6367c1e2919aa3
09157,education,none,development,voice-eval-split-v1,8b18485adba24c2993bd3a95447fc4ce0c3a695391515f675b789a681c6f3726
28541,roads,none,development,voice-eval-split-v1,8b22a3fbf729864817b070f556648c7364bcc8bb0b5f02d1109e3a080709d83c
23437,education,none,development,voice-eval-split-v1,8b3f037baeab5eb89b5c6b01c4544a9f4eb5fadacdc7f0187ae50736a73a7a6a
09173,roads,none,development,voice-eval-split-v1,8b41e5c58b827a93e8e5ed4aaea46038385887a0de7df0a238825799c2df1547
24493,water,none,development,voice-eval-split-v1,8b4231b4240a12d5811e0ac02ae02a22c1211cd537920f31c83c21da83c9687c
23428,health,none,development,voice-eval-split-v1,8b490566d03ee78837299f1eebed713c1082b48dc689e5b9c5c1a8366c2d2054
01019,education,none,development,voice-eval-split-v1,8b4ce2a1c57b0e1241138846b6165dc47d847281cf693f144885cb63a7388322
33623,roads,none,development,voice-eval-split-v1,8b98695f2c06925b9be52fbe8f7546772c51edef119e77880c7fdc74ea0105db
35638,roads,none,development,voice-eval-split-v1,8bb8004d633bab328769bfa8228b795599bae2d193f628c6a2f1cba83a5ee454
21397,education,none,development,voice-eval-split-v1,8bd27b4813dace388b66ef066efb0282aaa2834c9660f24a6a47310a14cef05e
23465,education,none,development,voice-eval-split-v1,8bd8dba47beff982f0921a69b53173248715eca650dbd9637cc9cbdf8b8ef170
10234,health,none,development,voice-eval-split-v1,8c185193e94d8805726a93510d82f1377f39d5036cf86541b5b2d5bf17ad7ac0
27505,education,none,development,voice-eval-split-v1,8c38180b87fe20858f09d52d11514cb6e84c7c4c17aba8273feb1f4fdd1838a1
29556,education,none,development,voice-eval-split-v1,8c5ccb583ff4a976dee660c4ac525ab96b49c61a29c389ef4cc9fa19027eaefb
06079,education,none,development,voice-eval-split-v1,8c73095c3bafe0a8b143a922ef9aedc43da82ada2f6e4cea2fd1f7da2fa4fbfb
09197,water,none,development,voice-eval-split-v1,8c997335f53ba9ead43cf01eaf80e8d7642b8537faaa0f6a267b49c2c6c259af
09184,health,none,development,voice-eval-split-v1,8cb2b9fa764312b2fff6b7a137546f7ddee76d7bcc4a5988ffd7aafa7a2c50bc
28539,roads,none,development,voice-eval-split-v1,8cc2b32f513aec4cd6ec43e97ada6e4368c00973e7a7a4ee65a42dc38f4c2b52
08113,health,none,development,voice-eval-split-v1,8cf00ebe3b2b1a8241f110bffdd393897936900e74dff76a1a81393daffe058c
07096,health,none,development,voice-eval-split-v1,8cf48f9e45d43d2e250de433bba1d60f5696c8a011738721cea47465fa93ee3a
24473,education,none,development,voice-eval-split-v1,8d048baab5513eb0f4c0ddfd057040a6760aef62754d4e93db82fcc46b2f97f1
09176,water,none,development,voice-eval-split-v1,8d09374a95cd0105e34bdcb53f9e0da927571f489c66019de1c6c238cc0bcdac
12260,roads,none,development,voice-eval-split-v1,8d144c941069a92fa30da5e9b38b550d4e326d17a0de300e01b06b8e00b215bf
32590,roads,none,development,voice-eval-split-v1,8d1a870532b0a86d43bfdb2d40c549eebed316b7b025cdd719bbba3a16d9bcb7
22415,roads,none,development,voice-eval-split-v1,8da53b7fd980a81caed127c639ed7e169776c0a4298bf05e56baeaf77f791f4d
08131,roads,none,development,voice-eval-split-v1,8db42410e11ef1c77dfb661620936cd9b76a671d18ece8a1fade57b37d90cfe7
23464,water,none,development,voice-eval-split-v1,8dc6558b5fc6924c2c4aa20c959373be7c1fcd607995d2fcb1496f63cc750ede
05056,education,none,development,voice-eval-split-v1,8dd668d6f1702ac7373d94b27b753ab99c5639234e6a9195f372ffaebbea1b19
29577,roads,none,development,voice-eval-split-v1,8e184d296bde4721bba00e988f4223f28b4735268e3c0f4b1e8b39bb2d53aa1f
09200,roads,none,development,voice-eval-split-v1,8e378a43709b02c3859fcbfaea384d507ff5b2b6abf43acacad7355fcec632fe
28553,water,none,development,voice-eval-split-v1,8e4e578babcbcb0663573ce9e053a56c6fbc39028044a31abb6a269dd81e9e92
08099,health,none,development,voice-eval-split-v1,8e4fe2f93564ed0498f7463cacee9f482a3593c7ede22cfc7adede5064791ec7
33624,roads,none,development,voice-eval-split-v1,8e51a8de7290fed28e919a7fcc4cca44b185226d36e666358c7d695488343c1c
24474,water,none,development,voice-eval-split-v1,8e601eff7b7fa5d6ccb2235e5286ed08be16d9dde0b89f38771a75965f19ea58
10226,education,none,development,voice-eval-split-v1,8e602ae84c30ae438c9804550a14d4a57d5bfb341c963172993d78f9d0492072
19332,water,none,development,voice-eval-split-v1,8e6d95d723aae8701c5bb6b99b7abd8beb5640b77ea1fac43fc434fbc648f79d
23461,water,none,development,voice-eval-split-v1,8e8cbbbe113099dba92b981eebef4506f8ff2e7dbf0211bd62ba952ab95df7f3
12251,health,none,development,voice-eval-split-v1,8eb24888c30b5a246f23126ed6741204163e0da323b37b4eb275037878f66e5a
08100,education,none,development,voice-eval-split-v1,8ebec2b3d4973575da9565ba628b3c7423f1126dbbc8bee7d3fee2857071f275
23452,water,none,development,voice-eval-split-v1,8ecf160bcd6d4dcf975c89c5e12088970eff360d8f632fbef483e8bc4a991882
10234,water,none,development,voice-eval-split-v1,8f0fe98cc9e488e47fb9983c7deb3af5db973c752cda92f591a7366e0cf55aef
03049,health,none,development,voice-eval-split-v1,8f213524d22805bf6c600dcfe91341a71b957fcd3b72a11cd84ab3cf52d0dc5c
20355,health,none,development,voice-eval-split-v1,8f6b33003c84851e9e3fc253db7ad29053a6eebcf1c3c9c3b5844c347954c8db
23460,education,none,development,voice-eval-split-v1,8f6faea72f1bbe46872df01eef929f6012b091292d95ff1f710f3cd8a781a394
12252,education,none,development,voice-eval-split-v1,8f88943f230c06fde298ee675feb6dd4bd286f278a67879b96fd44407d2f3ece
16289,water,none,development,voice-eval-split-v1,8f8f4e2388155b658a8057012c245de7f25c989be721134761e677d7ff572ed1
09198,roads,none,development,voice-eval-split-v1,8fa54fa5847c9bc544be9fdc990ed0a7b3b001a0f06e665043f764f3248668b6
21396,water,none,development,voice-eval-split-v1,8fcaeb7509fc4a0749d195427308c438acc8582ed29a628144ea99563ec030bc
18317,water,none,development,voice-eval-split-v1,8fd81ad4970d8b957139b2480e0260c964894ea76ef5ff5eeab92858206fe399
32599,education,none,development,voice-eval-split-v1,9034c24bfeec760143350d79b03ac00d7736de3b1ed4057176bdef84a8ff9435
20347,health,none,development,voice-eval-split-v1,9035517c744ad19bc326b24a229d0d7280f8bd976a14166746a32ab39b86a971
33610,education,none,development,voice-eval-split-v1,90398db9e6a321df35b75d22467735888218dc92d983db16528b14c8e5179805
29574,water,none,development,voice-eval-split-v1,904701ff9bd4e7c86c081dabf6180f4e33f6c84b3fbfbcad6bc434dc75f54540
27497,water,none,development,voice-eval-split-v1,9064834584dc1a61fba789e6853872cd9e1b9f7cef41302fc0cf6315732741bf
09154,roads,none,development,voice-eval-split-v1,908ac2e45d8018a89e77d91e44b5cff8987b34b108b6a445194e958cb9e33217
21379,education,none,development,voice-eval-split-v1,909e9b062ded1f600f1e2cbcc9b62ac1a10e4c390de24a7a5c13d5f825fca77c
17293,water,none,development,voice-eval-split-v1,90ab616fa2da77bc94cea0ea30706e9d1aabbd77ed50b7beb62939b3def0ba97
08109,education,none,development,voice-eval-split-v1,90b7c3f7267c603c41bd5b5c57505e4f91ce144cd8cbba78379560b848a322db
07090,roads,none,development,voice-eval-split-v1,90b947058db714870a44ebc5ec7a5eadae950a0f4cec65778929464e9381a184
03035,water,none,development,voice-eval-split-v1,90c1dbcd1a672c0d4a3bac317d7d6e54eeb91ec32ed2f9992baa43e12d9d1160
27517,water,none,development,voice-eval-split-v1,90c4830157d809c043f0f9824577d7c8c10ddafb17040f11875176bea7dd1d74
08109,health,none,development,voice-eval-split-v1,91011a98143636e1e9950fcbc4ffde24f94b816e6a1d6a4eeb038e85d3600e53
05063,health,none,development,voice-eval-split-v1,91022cf7376865bd24491a696122ef13478426080ea75d7b65cb9c73e692d573
09134,water,none,development,voice-eval-split-v1,91046d6e350f0fc693f7fb2fff03202f24259fa4888e10a3db62d5a2cc4dae7b
32588,health,none,development,voice-eval-split-v1,91074226d4e8592a17b2942d4b44e0d3275939a7ac7046fe8ac1969485ca41b9
09161,roads,none,development,voice-eval-split-v1,91153cf7c68c163a4f22cfca176707ef1a6b476f0a9a2f59fa35e30fb0889058
09150,water,none,development,voice-eval-split-v1,9178d32c14c6b146875676264ec245b09dd256f81c586ee4518ea8e197b21065
18321,education,none,development,voice-eval-split-v1,917c62c3eb4132291a8835c2207fc94913301ee82f9d364265ace791270ae846
09144,education,none,development,voice-eval-split-v1,91ae29be90e1c1b70310ecc7bac8679e36187ae1441db662c58e832478076d99
20364,education,none,development,voice-eval-split-v1,91b3550bc083af875be5326bfebfb68f503620c970158900a00d20b488e486b6
28552,health,none,development,voice-eval-split-v1,91b5bdca7df651f9af43c91583672c309927ca57d59be5822926353170be1177
33633,water,none,development,voice-eval-split-v1,91b8a17d24bff17d10c0e8a4c67086f62905fa21eb4672f12bcf95dc3f1d1587
08128,roads,none,development,voice-eval-split-v1,91ec99e2e79eaa76c6df9794124b7a6c666772cf3a11300cb0b16a23f49e946a
23427,health,none,development,voice-eval-split-v1,91fd2b0ad61b7307b722d2e1b6c5b25f32972e0aa4e1167897b975401022cb7c
09200,health,none,development,voice-eval-split-v1,9207fc197c6c4310a1241011cccd2b30c80111eeba830832b2b56c9f1ac5e687
28538,health,none,development,voice-eval-split-v1,9213591d520d95348efd6636f710c85407a921e7f9fa649e5a8898219133a3ee
20360,water,none,development,voice-eval-split-v1,92330a0aa70edcd5198c117d3f4dbffa7952f7a82335bc583082df9a09ee69a2
08101,water,none,development,voice-eval-split-v1,923ca4c2638471433fdd7356fcceae0ee73793b5b61919a8f50662599b030926
09181,education,none,development,voice-eval-split-v1,92730374d8a974eab7f8a5503e9cdb58df8452eaa7fe151da09c44a55e1e29bb
27500,health,none,development,voice-eval-split-v1,9275381a0a27e45717099581cbab338b38853bf61b1157915fdd44db077c9c6d
23446,water,none,development,voice-eval-split-v1,92a5d0e3dad6da9e089a2e466c98b22b427f50e55d78d593ab69a28b9a76189b
07093,education,none,development,voice-eval-split-v1,92b1715e7cb47fb0a173a8b36ee28cc47bfbeb581928038895e23131f38e950f
21399,roads,none,development,voice-eval-split-v1,92d8b8ce46a6815c9ecb1b7f4ea29346e21346726b55b1d6e7b31f204a0cae12
09176,roads,none,development,voice-eval-split-v1,92e870e8e2ebc14acde810274d5195dc0fac7fdc6e78193feb0ffb85e3c9c412
21392,water,none,development,voice-eval-split-v1,92f7078ff317e43e435800973ebca9b42c8e1c11f555f0debe9da92edf5bc2e5
22408,water,none,development,voice-eval-split-v1,931bda8be8bb94dbbcc6f696417b2ea104d4cd116c0978e9432373842337c5fb
09143,education,none,development,voice-eval-split-v1,931fc5c59edf07d273765d595c93712e44bf5fe6fb15ab337f877127a71cc8c0
20359,water,none,development,voice-eval-split-v1,9351be0859967e1c2fb5e8210edea4d3f123552655e5ce7c1fa37b56e769c993
09142,roads,none,development,voice-eval-split-v1,93523b7dd890574b73fd23e3ee640289cebdd9e0f795923aa2d6569045fbbcb8
09187,water,none,development,voice-eval-split-v1,93603ba496f5894e01fb1b9a2f8fdc2e12f7d458903b91a700c243ac243006f8
09173,education,none,development,voice-eval-split-v1,938b72c0dcda3839b017f54b03ea0946c975047b8bfb4233142340efc0723a86
06084,water,none,development,voice-eval-split-v1,93a84ce55bd6b8f631fee7344704163660e55c6234417675024bfb017de89290
20356,education,none,development,voice-eval-split-v1,93c688d892f726d2cbd9b1d7f05df6bc79ea9b8cf858de6ad178bc663e765fc0
29560,roads,none,development,voice-eval-split-v1,941473ec244d090a45f8bc162c4d1941ea5e81694d6dda3062719a159cb642d4
22401,water,none,development,voice-eval-split-v1,94235f84fe96b0b869a06fc146bde5e756ab29b18966943b7c45f688cf353719
09187,roads,none,development,voice-eval-split-v1,9432ab948bf24c4b640bf65c06335bb84ceae6eca4cd13896955da933f2318dc
18308,roads,none,development,voice-eval-split-v1,9442d66b30c65541c497a3088068469351852d713404f543ab1fc30e3f268e0d
09172,education,none,development,voice-eval-split-v1,944b2a3871308bed99b706e6051ca43d20af6b84275df9f899c44e64583853ba
20363,education,none,development,voice-eval-split-v1,945fb689b33997b92c1389cef069d77a1cde7d79f93e8a24b0a5db163548c01f
09139,roads,none,development,voice-eval-split-v1,9463dfab671421996c90defc9d03764bc984be76be9b60b1def0b8496db8695f
10226,health,none,development,voice-eval-split-v1,947bdf5de69bba700c2ad6256236a9dfc884f613ee1bd6d9faaec6f35eb7007e
27503,education,none,development,voice-eval-split-v1,94a7628690453a8d1a48ebc13ac426ffd0dfaf5f22deae735c57fcadff4c267e
24482,roads,none,development,voice-eval-split-v1,94af13ebba1fb9e25541f86eb8916147220cee61b86b505e6ca479e907b5bfe6
24481,roads,none,development,voice-eval-split-v1,94b5d5e67a0ead9df0dd50ae861ffc8809304b553c989bb2db674c7f73eb0c62
22412,health,none,development,voice-eval-split-v1,94cf26135057a63cd79a4411d4691326ce34b4915b4be27b5a834a4c4a69fc54
10230,health,none,development,voice-eval-split-v1,94f9fe754c66fd248c2b2d87702447e6cda3583b6635427e56dfc04cedf7dd20
15284,water,none,development,voice-eval-split-v1,954fdc4a08987d443800f44f980fa4bdcec13f7e361fce0d4d5a246facda9f39
12249,health,none,development,voice-eval-split-v1,955482517edbc4e5179ef91a74d20cb28d1f44aef6f7a247c6a5e15470e4a7f0
16291,water,none,development,voice-eval-split-v1,955bf086e4093609cbe88d9ce22b4345ccbe76922ad0f2ec42adba5b7522981a
08127,roads,none,development,voice-eval-split-v1,95635244be555ca7e5a7759e7f6422f1c459515e2a677ddd9371b4e11082a7bf
08127,health,none,development,voice-eval-split-v1,95a364fec53c7e46376d1f27c48d00dbcc390f4dd256256e800b172ece92f1e3
18309,health,none,development,voice-eval-split-v1,961eccea52c62555856f848b21ac2d3897e1389329692760107bc376f99af721
10237,education,none,development,voice-eval-split-v1,9621540bab6e14ab3e15c5fc02a55c11a94098acdc8e97f5d74b6a8d5d4e2ce8
19335,water,none,development,voice-eval-split-v1,9625f240c8053d30e0bae5885ac151a734e0605b6b3c5e863393a68bcec91582
18314,education,none,development,voice-eval-split-v1,96460607069917f98fd434161e83780f9477f98d790f35100d124f6c4e087794
28541,education,none,development,voice-eval-split-v1,9648b6e51a234eca832960454c39e79280fdd82ef22f3e9898e9c94c7a493c1c
06078,water,none,development,voice-eval-split-v1,9656ce834a995fcdcf20b30dc3ddb567872780c2ffbfc3a4175ff32f281882a2
14276,water,none,development,voice-eval-split-v1,966321675ea42e0dd0dabac62644b4adfadb9d063f6fe9a307d2eaa946e931e1
23440,education,none,development,voice-eval-split-v1,966742fdf0cc8be3577cff43d44b8364e204b7fba68b4ea6393cd95b562a806d
33607,education,none,development,voice-eval-split-v1,96bee948cf04f5a90cf74ae3d9941ac9c80b43c1f7f4a4aa11fa7acc9d8c4895
19336,health,none,development,voice-eval-split-v1,96c591cec86725700a6092718111779d2db52457daa639265e21601c1e32d5ea
23422,roads,none,development,voice-eval-split-v1,96e6f23d206ba6a49bd345330d4ccb340f35f15f08d731dffe2a1e1d955e75d6
08111,roads,none,development,voice-eval-split-v1,970ae3d309f93ac9630c493d29942a6d56e93feb307c267b597955d5ecce1308
01022,education,none,development,voice-eval-split-v1,9733b4cabc2e70aacd748f6d8da5fefc37489c7d8d18354e920cf485b5313e89
20368,health,none,development,voice-eval-split-v1,974a3de7409526d29bfe19a3b9e72f2484a1f87b2ba6f0b8c6ce3e97b08b1434
20362,education,none,development,voice-eval-split-v1,974b4f87463350f49751af3a2964fe90d85370eecc57f991be3542b0d429920c
12246,roads,none,development,voice-eval-split-v1,9750975ee1c4e0ec32994fefea2cbc5aa8b1d4715a831a3e097cfe2e671d1952
24471,water,none,development,voice-eval-split-v1,97731bda53f01d338f8f392459db8100e5ad3f9af561b8e51bdab6de44f4aecc
27530,roads,none,development,voice-eval-split-v1,977fac514f852a5d09255d59932e73cfb283439184ae41d6c4eaa9cc330f8996
11242,education,none,development,voice-eval-split-v1,978fe6dd40645c513fcc443145f478fda382923e47cf8b2a47d8ccbf8909129d
19330,health,none,development,voice-eval-split-v1,97986aac82ac2a0d003189e9b01808343b4192b4020a4e13561139c57597dcdd
27514,water,none,development,voice-eval-split-v1,979fb41b885858faece594421fff36d20fc95e5c7acaceb237f7d686c8f45dd4
27513,health,none,development,voice-eval-split-v1,97a9442e011900acd14b02f5af82dc1409e9fd1bc484a24ade31b41319b16ede
28539,education,none,development,voice-eval-split-v1,97dc9711ed4ee4b77939a9ebab444b2aa511be0d4024d74e38311e7506e74997
09168,water,none,development,voice-eval-split-v1,97dec6218f5b6e18d21e79fd8932f6f7cb2ec8bdccfed53ba34038b89a2e3bc9
27524,health,none,development,voice-eval-split-v1,97df43a76fa47bfacee72d637cba870ce9e3d2800be1bd1dbb35e12b66a34e63
20362,health,none,development,voice-eval-split-v1,9813d83d1d0e568f814d9cc573b6b20b2775eb1fa03478e3d766e8381e4d1c30
22402,roads,none,development,voice-eval-split-v1,984b819caf0f6f336068a02ba209bf2bed238cb28a55bf71f565ccc1322b3ced
19345,education,none,development,voice-eval-split-v1,9851703c1c6ee0821abd27ab6c3005888f694c48ab8a5adf6bbda08adc9f1779
24475,health,none,development,voice-eval-split-v1,985812732cc4c8fd59c9046be985653f449d447eb38fd01bbc2909dca8c11b03
06070,roads,none,development,voice-eval-split-v1,985fb91a5defe8cee842ba5d7942e4fc29064177a525e9720639c149ab6af493
08118,health,none,development,voice-eval-split-v1,986cb09e18ca7682b14f4bea242fb7d5b8e762a93948f088fac4fed29ecf6cc3
08116,water,none,development,voice-eval-split-v1,987683a4784127b490b0d5da09a2982f96def35a9b53330bfb79af709808a4ad
09142,water,none,development,voice-eval-split-v1,98781a3c623011551909bddef8cae686cd5fbe41349cf7d2b89529e7da6152c7
29579,health,none,development,voice-eval-split-v1,9891a34a5e51fc2e60cb1423b6c6d6162abbb5bc3d5495db797b35f5d8599691
05059,education,none,development,voice-eval-split-v1,98976131e099b82556d88fee0a756d99f19bdc00969462c7bdfd6df89cf507fd
09137,education,none,development,voice-eval-split-v1,989b773bdeddf1a7fb93de4c5b58abe31304f23d20bffa62cd6926ee7b85edab
28533,education,none,development,voice-eval-split-v1,98b567328f70e5e8b3c58a8b5419acd8b9104c8d0d3f81fa92651bf1aa90cb54
18306,roads,none,development,voice-eval-split-v1,98b8b6bfa3fa6bab53ad93583bb056f3771a0ebcc90ed96934ada9ff0f323351
24478,health,none,development,voice-eval-split-v1,98c3117563d63a489b0e7f78394c4ac75f00e97135f55de51945c2f679b94983
09174,health,none,development,voice-eval-split-v1,98f581e715dcdfe277e1f8de5c142b25be2ffe5105c4e79020bcf963e902e5f0
13268,health,none,development,voice-eval-split-v1,992db5ba5841c578adaf9729c689c3f860ebf84783d73d7cdff1b6445a0dec4c
05056,water,none,development,voice-eval-split-v1,992e053054e5ac9b9be4c5b9ade9388f8d826c3127546fc5382f2ae457660a8e
21380,health,none,development,voice-eval-split-v1,993b8c49340d8e10243ae66a6084813a61b4902ed4e26d5aeba6814d9398669a
01003,roads,none,development,voice-eval-split-v1,994114bd162ac8da26dfd6dcd77d0dce5510cc7071931c811ed2b1caf3fa5a7e
09166,health,none,development,voice-eval-split-v1,9966d527e66846a844f1a8bb2232f0174db008e5692689868b0d3392ea415caa
06087,education,none,development,voice-eval-split-v1,999db9e49d413b4e8574f8aedb9f595aa51738303afaff7672dec25cdd79639e
21372,water,none,development,voice-eval-split-v1,99b7c4160cfa322c46b1c5f486f2de6a43bae200266cbda454971f811c304737
24475,education,none,development,voice-eval-split-v1,9a15baebd7a17784d9a2f63c2ae223e2437a09f34911682a433395e4927c8283
32594,water,none,development,voice-eval-split-v1,9a23e59b951430c790fc4e78f6eb462ef5a386cc82dee1ad059f38323067f15d
21371,roads,none,development,voice-eval-split-v1,9a55678e26ec12d7d96c1a04af12873320a5cc463f77d2e537f02ef22d6084f0
23445,water,none,development,voice-eval-split-v1,9ace9e7cb12969c797ef934ac39091156361894996e61cd1d5bd4b4407b4e54c
27515,health,none,development,voice-eval-split-v1,9af6bc5636b02ab353f5909a325631bb4207c15e645566fe79ac525dc9308b5a
13264,water,none,development,voice-eval-split-v1,9b103fe303fb6c6efafaa3455f2388313427728f52d6fea396c9a32bc73a880f
03035,education,none,development,voice-eval-split-v1,9b35804f5417b6297537ac2895836750663a054cbe4dbf4d89568a89fcab5378
24473,water,none,development,voice-eval-split-v1,9b3e248cf60dc80d9f28c2daf6342d3de2162e01a4c9340ddc7c8775aea04736
22417,education,none,development,voice-eval-split-v1,9b46f73b25c9c1bf349b8ce0e5ed35c48221a54070d69bad32755d8c8ed1818d
20346,health,none,development,voice-eval-split-v1,9b48399de4bd7e5c5c6084d7e4df782f278d6f890535f469fb982b963eff70df
12259,roads,none,development,voice-eval-split-v1,9b49f88f648e40ae458e6fc92ffda7402b9e1d2416a81c39f5eb2d9704ee2ff3
10239,roads,none,development,voice-eval-split-v1,9b7a8ecc86ac850dd8923d341f781afe053003e5fce61f7f9a78513db6f3bf43
24468,roads,none,development,voice-eval-split-v1,9b7c817abe172d757390126638cdf30197892666d1d49cff14c2d0fe280c17d7
09167,water,none,development,voice-eval-split-v1,9b8498ba7deed07ca94b820cda630ac928f808d130df5f68fe25811bda517e45
15286,education,none,development,voice-eval-split-v1,9b86f78872f7ff077fe946c06586366965a9b730cde0e65a9ef61f2dfc2fc060
20367,education,none,development,voice-eval-split-v1,9bd32099a079a0dadf05dd4face479d7270bf386ea65ffa9e3b4e468595c8969
29583,education,none,development,voice-eval-split-v1,9be219025ecebbddfef18801196a0878f1e2384d801e8bd03383b693ea788aed
33627,health,none,development,voice-eval-split-v1,9be581fdf91f42f1f7d9178bbdeb74e17617f77b4aa5944d39e20476036a9858
23455,roads,none,development,voice-eval-split-v1,9be5e36cfbb3665a73941a494e25c56e4caace5029db972aa1ead40962b7a2d6
09158,water,none,development,voice-eval-split-v1,9bf581599cf00e3b565aac8e2834d2d6e369f9442ef321972a8ebca3bf450321
33623,water,none,development,voice-eval-split-v1,9bfc8529c092b89694db3c62f273e7b26b0a823703f86b7616ec46c4974a1781
08103,roads,none,development,voice-eval-split-v1,9c0b02f385d736d661d57b1b58fd46148ef3760ee93348a434f8972b025d523d
27513,roads,none,development,voice-eval-split-v1,9c2b908547b73995eb650ea9d5ad173e70f9428b8a9ca5501729c78fa54707bd
28532,roads,none,development,voice-eval-split-v1,9c48439ff15d1864297a1a7f32ea23420a34882c4955e7a7fcc8ee117f30d125
10214,roads,none,development,voice-eval-split-v1,9c4cbf8d7dfbc8db32f82afa82b4ede1aeb02aed40660f64b96aa007175e4464
20363,water,none,development,voice-eval-split-v1,9c4cfbd52ef85340218f0c93061a6453b87bfd12765900946a0b021a56d2e590
12245,education,none,development,voice-eval-split-v1,9c76c267b9278230354bfbc5f99d59a5a2501c1012737968aa7ae6ca37244e61
06077,health,none,development,voice-eval-split-v1,9c95284b1b2022212d8e944f8d63704ba35ec8fa56366e01c43a3e4123343765
22417,health,none,development,voice-eval-split-v1,9cac8a64b8f0ebb9611b0e986af5dc292a538f35ba3be160f5a495a0fdaa1893
08123,health,none,development,voice-eval-split-v1,9cc3d39420616a90b8b05a0b0199c09cb76952a8ef9b21df9af0f8c6989d0aec
10205,health,none,development,voice-eval-split-v1,9cfffca79f5fd2e1a51650ad4b68c93340bff73f9f1a13e7064f89bde88d05fe
31587,roads,none,development,voice-eval-split-v1,9d0db1d2f162edc960c740ce7cf1e61a1587e73d3096e09049818444f5707f1e
08130,roads,none,development,voice-eval-split-v1,9d2b439e106ad714aae132bfcde9ced65947a644f1a7dbb9e01b3738ea93fa06
09170,roads,none,development,voice-eval-split-v1,9d39b4a2479052a0ed0311b666c744f7b4e3a08b34615d70661844726adaa09b
05059,health,none,development,voice-eval-split-v1,9d4b20236eafabc0afce8df6956f4e8f725c409faf6fbbf8f7b8e289bfab79db
09157,roads,none,development,voice-eval-split-v1,9d7549385bfd1c9699927b8a6a4b2cfc2dde95ae4306433c38e08e687c9360b5
08107,roads,none,development,voice-eval-split-v1,9d831dc79b8cd398310091994e1e3d22d244c2e275e6e90214fd9f3343a070f6
12245,roads,none,development,voice-eval-split-v1,9d9fd84578975a386936b0a2381d658eeb0c8961112660f5edca6be755247542
09150,roads,none,development,voice-eval-split-v1,9dce9a3729dd88f6645b475ecfc4f0dbdd744595886729e42a059dcc07d612a9
24480,roads,none,development,voice-eval-split-v1,9dd677a194b1fe0bd75dc54e8f30ab632e28a490933d1c0db853ef30823ab5a8
28533,roads,none,development,voice-eval-split-v1,9e0905fb844911369fbd6d0214c96419705bd0cfaa0732cb34432a48d7f97af8
08118,water,none,development,voice-eval-split-v1,9e0e6be14c09a37b68440502e2921e35d455bb3edfb7135f8eb6471d1ed4b1cc
22414,education,none,development,voice-eval-split-v1,9e111330e71aca6a93ecebf97017f27cf4b5c79b7e482e8c7c0132db0c3f2527
08122,education,none,development,voice-eval-split-v1,9e1d4aaae71afd5d4f27c6d7a2ed61cab771ec22a1725b920eb8edbc363394c0
09185,roads,none,development,voice-eval-split-v1,9e3641e780db8302dd85f6ed06c76a695846cead2d4ab1fcdd8448a9f206e6b0
28547,roads,none,development,voice-eval-split-v1,9e44c5b19ba095543f4db60076d5b7197a261aa44e58dee8094ce3760c8f0816
27528,roads,none,development,voice-eval-split-v1,9e6e862eeae22dd8014d73b30dc588d67d2c5cbd50bc6369e71c65a86daeabb4
18303,water,none,development,voice-eval-split-v1,9ea42fc56798bf404d2865a5fdc3b4f202f83444157ef20c4f49a689903a8b07
06086,roads,none,development,voice-eval-split-v1,9ea59ae48e5876ea46e310a8cad2254110580fd370465c2ae58a0add9ee4e57e
24483,health,none,development,voice-eval-split-v1,9edeaf41f2bd90d72d9ea61e8408aba0719ba2b8de0e56bf262680815b603b2b
09172,water,none,development,voice-eval-split-v1,9f1f1556c419b01faed20bbb62e50d5fb03f908fc06fc5bb726274da9023cfcd
09149,water,none,development,voice-eval-split-v1,9f2ddd3b29b8a9cf59def3cd99a52cf746b6080625941c85e45539744da4b3af
06071,education,none,development,voice-eval-split-v1,9f5508528d5bcb6226ab4d1553c3d672482f1b6a0511a0777e7e0ca6a281ab83
23447,health,none,development,voice-eval-split-v1,9f5f093ff3d6797490bd350d29e78511287e58a4229f307c2eda0684eb5d9d3d
35640,health,none,development,voice-eval-split-v1,9f7a680eea0188b9346271de819e9ec9fb38f541ba1c17accd4392f987633887
31587,health,none,development,voice-eval-split-v1,9f7a8cea874089b680596563d59afc902f107c37a7cd190746892567a5eaf0c3
23467,health,none,development,voice-eval-split-v1,9f936bb36a07e3283865cd80473624b289788483b02ba4061fa3ce22bb355393
24484,roads,none,development,voice-eval-split-v1,9fa81e7f8046d61d5795b4025df8847080ea507ab9c36c6e0179c43cb48899bd
24469,education,none,development,voice-eval-split-v1,9fe79ab123df149eabecc86e9cf4a016227c02ac6f316ca1a1814aa2b467de7f
09136,education,none,development,voice-eval-split-v1,a00c6da6a358c086bbcb93281d4f966a9bc3367490ee88a429dd48f9cd7ac513
33629,health,none,development,voice-eval-split-v1,a0109f19100268d7ae89f35cd11f48f9919c4d4d4f3eef7c3185720e519a6798
05057,water,none,development,voice-eval-split-v1,a013faf070c4932ede909c934d00393d0b5ca4adbbb2f6e462d1a0f88a668915
22416,health,none,development,voice-eval-split-v1,a020bf15277776f9c6de7b2ea7ebed7b8e403ef1af67a67dcad66d4ca68c8e66
03039,education,none,development,voice-eval-split-v1,a0563b065a0907b1adfe1b717fea506ad929a1f70eadc4a7b5035c2303f854ec
23443,roads,none,development,voice-eval-split-v1,a081c53a30e44750347cb2c20f55ab843feb2d48893584d01db4d483772132ac
10229,health,none,development,voice-eval-split-v1,a08f66e4b6400e2b3db6b3c29a1dcfb3ca3858478d0370a479a1c3c96759a048
32588,education,none,development,voice-eval-split-v1,a0b8d7c6c7e2582e586461d4f4be05edd821b042ef42e2240b1d8d79348e1e54
27503,health,none,development,voice-eval-split-v1,a0ca941a53aafbf08da4c8863d509d768425cf84f9a8de1ec3fb0425678170e9
07090,education,none,development,voice-eval-split-v1,a0d93d12a9a30146065283708b032bf2229a9c1b809f8d3bb1c9a1c8117c2872
15285,health,none,development,voice-eval-split-v1,a110fa62c0701c4dc7afce1506b7c7238faefe468e0bfed30297485eefa05ac3
23466,roads,none,development,voice-eval-split-v1,a11d5deb943bfc8cbef488947e16816924398fd9b15d543a50522935bae7819e
20365,roads,none,development,voice-eval-split-v1,a1360d2ebfb60cefa12e3f2b7b02a1c214a5c43c6b6b2311de05871ff04e6f30
10221,water,none,development,voice-eval-split-v1,a17fe786ea1c868e1562e2c28a368351322177164652f9750dbb93dd2aafb925
10240,health,none,development,voice-eval-split-v1,a1a266ed01df6ef0b86258a0266cec527a9f8975b05a0347f425423c0e5f7a37
21379,health,none,development,voice-eval-split-v1,a1bb918ef03d1218f6bab170c160ba3ba755686c9b7de98566449ace51ae94c8
01004,roads,none,development,voice-eval-split-v1,a1e1cc3802a2e21b13c54390921dc3a985a1a206ee8a323e7367461309e5c409
23457,health,none,development,voice-eval-split-v1,a1e399b6d6facfa6564e13817157636b92b63af370eeeee114e08204440a3f15
29558,water,none,development,voice-eval-split-v1,a204be0b9093949992c0be77a763d91c4d9dd57ed6c7186bc169fa374463f5c3
29584,health,none,development,voice-eval-split-v1,a251b12ebac05b2985ea5badaef962941eca0f003ca17fed2df172147f232eb4
01006,roads,none,development,voice-eval-split-v1,a269d5cc50ae202be196ea33751a039d133032e948a69f5ffdb37e47f2411cdc
09195,water,none,development,voice-eval-split-v1,a2d57fc68c19a86d91efa204c2220cff323e1985291c62fb5f54b3d1aa80adfe
01019,water,none,development,voice-eval-split-v1,a2fac64917da48a37c77881886f0355cbcc538d5186a72f6521d7a3a99df5393
17295,education,none,development,voice-eval-split-v1,a30a906a5b6713956998a107898be17f7017b07221f550ef1c756ca1d5144c9f
09164,education,none,development,voice-eval-split-v1,a30decf0ba862296acaadcd4a74e733ce6ee38d090c98c5983b5a66eaa83fc84
23458,health,none,development,voice-eval-split-v1,a32cb0a0f8a1482013763e5acc0fa3ec8749a361326cb6dc2c313f291c9d3418
20351,roads,none,development,voice-eval-split-v1,a36c43f0211339eb5f5ed16920812a357bb5cad485bd181506d0ebf228496519
12256,health,none,development,voice-eval-split-v1,a37451678b330bab9017a9dcd3814504eb24d87d005e1257dcde410a3304c846
14278,education,none,development,voice-eval-split-v1,a39137c3c5618eb6820337b140726066cba2cfb5c64cb59af8b249680c3a4e47
10204,education,none,development,voice-eval-split-v1,a3cbf7bc3cf8c9b581b84719f5fe5427148459841b92636f093dabb4808da9c5
18324,roads,none,development,voice-eval-split-v1,a3ec31d7f173de49c23efc7404248399f34587d18349ba90ee3cd37f2d67625c
22408,health,none,development,voice-eval-split-v1,a3f943a0e1de4172cbb9d98011d8a141a8f05fc8006ccf262e558918043a2549
23450,water,none,development,voice-eval-split-v1,a4596a9a52ed1f37720a8dd9cc375c131c70b16657d0b9b78e336b40368aed5c
19338,roads,none,development,voice-eval-split-v1,a46efd6d67567a0fba958da78fc6762f86245d93ba32124be0392ab4274e0215
23430,education,none,development,voice-eval-split-v1,a472d7c4768f35bdbe6f1786b84e2c52d26df34416e5e0345ded156e6411d4d9
28538,education,none,development,voice-eval-split-v1,a4932c15b2f4444c8ccb0d39b18d707b8356d612aca17b9c195652a7871d4f52
28546,health,none,development,voice-eval-split-v1,a4ab0c5697d1782afa45ce555eb8dc2b87a44b2b26eecb3c3d813c5e0f9926d6
08108,water,none,development,voice-eval-split-v1,a4bf90214e2856345410eb8e1ed95d7a43dc3dcddc1ba2c8df5c770b43aed919
10203,health,none,development,voice-eval-split-v1,a4d4968039c3150bdf0b112fa8499d4a4f6af7936a5eddb1027028d03f6e6549
16291,health,none,development,voice-eval-split-v1,a4d67dc668650db7411389cacab44247b8bd148537d3143491c188e3754de3d3
05056,health,none,development,voice-eval-split-v1,a528ff0cf9be08a3df17334222fe42fb16e145f173e18ab271971e8cf3c24fbe
22415,water,none,development,voice-eval-split-v1,a55c6a4d0f5500992e76ee4ddc035ad3d4d53e837ded3cc729d01799643ec1e5
18326,roads,none,development,voice-eval-split-v1,a5a280da22f4d39011152e379502c0016bb9276c274db11474f6c6a6b6456333
32589,roads,none,development,voice-eval-split-v1,a5ae303e35c3e7cdd2f5b0fbd2d9c2fa891d4da99383f0b5881074f2c4f339ea
10214,water,none,development,voice-eval-split-v1,a5e8b1460fb3cdfe4531a4ddd031a0699bb58b6cc801bb4c3b65632cf97dcbbe
21391,education,none,development,voice-eval-split-v1,a61409f5a54ce75a41d0db3885de3f0971892b6cf9e95f1f76c2772642449e69
21378,roads,none,development,voice-eval-split-v1,a641f915099417e36ef481324e9a7db43dfd9cee8d1cd699533933231c06f194
23449,health,none,development,voice-eval-split-v1,a65eb6b5ddf1305d3fc502f921060c4ad86330e657ea1e2f26ac8037fd10dd17
18308,education,none,development,voice-eval-split-v1,a6657053c5917c3a11e9db9534e879bcbe2b5e0db56594cf4098ebd9831b1547
27515,education,none,development,voice-eval-split-v1,a686c066f8bb0a3f4e7bbc6c2741be8c68bc5b7f5e21e050804860c18dfb165e
03046,roads,none,development,voice-eval-split-v1,a69de0ad10e1e55fed589a1173f2e3093f101477884935f2a1e989f69e93a1a9
23432,education,none,development,voice-eval-split-v1,a6a4d04b362ddaa9fe0c877e85b2c46fe7dcd9290b79420534eff02088f4ffa8
24490,water,none,development,voice-eval-split-v1,a6a6c50cb0fb3c0ee39a3f300b9936598c2eac5f8783f3c5b94a39dda580d063
01008,roads,none,development,voice-eval-split-v1,a6ad3be424e206fc81f5921b89a43021e4b2291a145b6654b6d5bad273a78ef5
15287,education,none,development,voice-eval-split-v1,a7036466951ab4ed2ec3de2e60df078e0b740177ef0a02f4c7739a916598ded1
24470,education,none,development,voice-eval-split-v1,a7119fa45566f68433ee291b742cca99a065dc19e6a163dc3177ef8aa0999ef6
10234,education,none,development,voice-eval-split-v1,a716dd19ec5d0da07ab658efb23baac16799496bfedfe18e00002e2e5c6c12fb
06088,health,none,development,voice-eval-split-v1,a74bcb0d32ace316f2709ad947431be79aedcfd6f2bd5c330a6280adefe83f7a
15282,roads,none,development,voice-eval-split-v1,a74fba1acc6c6a8b1011e9126afe69f8b8d48193528ab1aa67c9603a4b071272
24479,health,none,development,voice-eval-split-v1,a79a3b7b906679fb8be1cb3bcac6581a0a38f1b001f45aced17d8875a79cb04b
20369,water,none,development,voice-eval-split-v1,a7b7628c4d201a2e410ec6c3a575cde36852854a8c36cf61c5e31d074b60cd9d
20348,health,none,development,voice-eval-split-v1,a7fce7ab4e14557d69e1a86c33b7f62a2f7c152aec9f2de17421e5ce1fc298b7
33632,water,none,development,voice-eval-split-v1,a7fdd37abf79809487f7e6df7dfd9a4f1051ae9640f814350fd016ef3641727c
15285,education,none,development,voice-eval-split-v1,a808d5804c9b526be544d86fd19f724fe18437f82945305e2880ac89abd5a028
24493,roads,none,development,voice-eval-split-v1,a8626d31db68e9eb8787e42f15cfdb2efd22cab0ecc94e55f799345de41c6355
21385,water,none,development,voice-eval-split-v1,a8655e1f436983a8e220c81a274c780180ec5b11775d34e10a9d4bdf1a82735c
21382,education,none,development,voice-eval-split-v1,a8788e53192b50341ea700c850a00be438fe52642b6c1d7f397340f48f80f7c3
18325,health,none,development,voice-eval-split-v1,a8840ff976974ea31df3b38b8e4fcb897b7b2e6a36bbdea2e738b80ee34c4bda
06071,roads,none,development,voice-eval-split-v1,a8caed8448af52ea3a1c0c151e3c63871950c64bbe05d192fd565c78601e1153
19332,roads,none,development,voice-eval-split-v1,a8ccae73d19fda03cecc5549ba30f7041e0be4e06a1bdfb27a27743d8adbc493
18307,water,none,development,voice-eval-split-v1,a8fca60a4e9749dc8af4fabe69c20fd115760be61be52c8d675bf63f67f9a8a5
01001,water,none,development,voice-eval-split-v1,a9026f0ab703e8f4a8abb45671cf7f821542d1436192d3e0dd116d5ed4707e78
12251,water,none,development,voice-eval-split-v1,a91aeeef7ac6a15867fedfc553a07ecb749e39e06a090ae7a068f6a43e71da62
21393,water,none,development,voice-eval-split-v1,a93510bda40a6b20a89e54dc5c65a78824feeea0033fd3040df6a4c2ea408e8b
27528,education,none,development,voice-eval-split-v1,a93a5616c7871c0e3492703d614dafcf85b030169e7aba876065b31e8dcb9291
13264,health,none,development,voice-eval-split-v1,a97b51fdf793fb722873602b6f1f477b2a740868bb888c32ad369e8299bad7a1
23441,health,none,development,voice-eval-split-v1,a9ac744747a881edb28cf2004b0703fd3fdc7703fee4d670e4feca2535257dfa
14274,water,none,development,voice-eval-split-v1,a9da779f16b20cf27d29bec99fb9967dc8efa72a80f5566385388956674878da
18325,education,none,development,voice-eval-split-v1,aa02bc15695acec1e8b9e420ea947003e39e32bf3b03a391c7819e0f3e96cf35
08129,roads,none,development,voice-eval-split-v1,aa143fced63131c75ed95e8106920003c0e5b5c7e29f033b2cf2038717991fb2
08118,education,none,development,voice-eval-split-v1,aa315de6d52f99b3048416c8aeae858b4401d0caee6e60bf4735405d1837a518
06078,health,none,development,voice-eval-split-v1,aa3da79e7ea2f6e3a2401473bbb4e6c3d39bd2de0e247dd99fed8dac87c72349
17298,education,none,development,voice-eval-split-v1,aa74f4e8f1c259dc99e442e1949f3b756e86d0965ac1f75a5877f75a64f5840c
10208,health,none,development,voice-eval-split-v1,aa9db7bec34f16130506f844ffb2d69fe25c05f7c7c0c04257d59051cbbdd845
23458,roads,none,development,voice-eval-split-v1,aaaaf49ccd026c883378f376589dff96eb7724278313a11edec2b203d2bddefd
21376,health,none,development,voice-eval-split-v1,aabba56fc683ecdba236b092fdad93ea5f148bb3d0333638b48f755a88a0a9e5
28552,education,none,development,voice-eval-split-v1,aabe9061d9650533a1ef08e7f7aafe5b2cfbce33f46f5d04970691a1376d92ca
20354,health,none,development,voice-eval-split-v1,aac3f0391431d71e04432da3324238781e300222f56e1cf3820743488a5d76fa
06077,education,none,development,voice-eval-split-v1,aac7c697c2f28530155fc3b67e3b21e35af2147c594b15564c0d354e15e63ef3
26496,roads,none,development,voice-eval-split-v1,ab00fe494a6dd6819dc12a0f35b75f581eb6faed317a5930d0d5683b617ccb96
33605,water,none,development,voice-eval-split-v1,ab15be64b6478481eda90c7e915e1fed2fc96c3133afed4351d1c07af0a60c0f
21392,roads,none,development,voice-eval-split-v1,ab3b5d6c17c00ed15ca29f7c7b98c6c24ad3b92201961566c0a5925bf49f20e9
21381,health,none,development,voice-eval-split-v1,ab4003950392f44259c23c6f4b388b5d85adc3960d639bc339e73bd92ba0e092
19341,roads,none,development,voice-eval-split-v1,ab6a230125174ab452d0d871948cf8aee56943098495a1333ca28b1191578e82
21394,education,none,development,voice-eval-split-v1,ab8c9bc11e5253cddf28e873ef55963b68fec71cacd7feae28718a01db862a42
20347,roads,none,development,voice-eval-split-v1,ab93d0c236e953974a82d64295babe0d39c8c31ca6c4996d88d44ea5d0c27442
33632,education,none,development,voice-eval-split-v1,abb2f3a45dafd8089255d4776dbce7009955507ed3d444eb69c12bb7ca72b7e2
29571,education,none,development,voice-eval-split-v1,abc0bd4004562e5dbd8a1964a2843b4f994131ce5cc0726043081a307cfb0eed
23463,roads,none,development,voice-eval-split-v1,abd835cb15a9e14653194982b0421926a417d52913984953d5a9d7ac923bebef
10215,roads,none,development,voice-eval-split-v1,ac0432d5ccff0933ed49793202d8c0f99a16226a98402a30c708f96a385316ff
01002,roads,none,development,voice-eval-split-v1,ac057562cb698fb9f1dae99e4373a7bb871c9a62710f890a99b3122117ee571b
23423,roads,none,development,voice-eval-split-v1,ac61838a1b5f3dcec9783e47dd3ceb0674bc0ae301d66abd1021c77ba0d41df0
32595,education,none,development,voice-eval-split-v1,aca0fef6573b4b7f02ba7907170e4ed5b11536747244d207dc3ec2bcdeba784e
06075,education,none,development,voice-eval-split-v1,aca3885018715632632bec7725d7d6c86a0f7cbb881bed246c28aa360edb54c3
03054,roads,none,development,voice-eval-split-v1,acc82b066d151e680aff5de7aa1f0a1f3ef5ec1f1fe01bc91867cc78ee488d58
12258,roads,none,development,voice-eval-split-v1,accb38c31053caa6c620593b083915008e44eb248f66f42516b98a255d8e4cb8
28550,health,none,development,voice-eval-split-v1,ace0b75c6cd487435e6176bcc2b1cca11b54ba9f17ba789d4b50d373e1b96ee7
23465,roads,none,development,voice-eval-split-v1,ad1c0b0efbeb9553d1b39ef337c95e8fceaf2500c46c041d1d55a529c2950ccf
29572,water,none,development,voice-eval-split-v1,ad7c8ebbd1658572f477bc04c5c3295cffe56d9d3c8adb85e4e2b29d3ce72c30
19328,education,none,development,voice-eval-split-v1,ad81b2b6ce403e4c367c85381012424acac5e803f6f3578a8c4fbb3b97bd9f29
12252,water,none,development,voice-eval-split-v1,ad91785882912927b88f80033e963a67444058446abdb21d20692d38439a6b68
09153,education,none,development,voice-eval-split-v1,ad91d12c8fc3bfb21403b2dcded310af7dd71636ee2fe57baec5c3f63e39748b
09186,water,none,development,voice-eval-split-v1,ad9cc8b241ac14d106564fb247426210adbc714e07831629a2afc521f5c4c18e
09198,health,none,development,voice-eval-split-v1,ae10047125a591ab864192fe85cec1aa31431008037d4fb49ac50d37ac9199b8
01005,education,none,development,voice-eval-split-v1,ae1bc199d75e1b091f48ddcb14499cf5d39bc68298980f52ecbaf4efc6614f9e
23418,roads,none,development,voice-eval-split-v1,ae246a6c12d27a36a71fdcdbb7fdd559881c540f8d59f0777057656cb47ea194
09184,roads,none,development,voice-eval-split-v1,ae6283e67ebd13b8990b140b3fde0f2d5acf9d7bbb359956c17c220a7b7b66f4
06070,water,none,development,voice-eval-split-v1,ae6d718ef7bad7be6cb3d3f834f34052b04f741ad3482fe0f27c9ec85b003624
21384,roads,none,development,voice-eval-split-v1,ae85fa19370051eb950dc97b27eed5566e99e7c18d215f0a67e8b033d85bf7bb
29555,education,none,development,voice-eval-split-v1,ae9edd35fa294ab8660fcc15c04bfbd8d3151abf95ea1d7b3cc1ba57b5e91e08
09152,roads,none,development,voice-eval-split-v1,aeb2d00e467f278cbfcf20a9b3916234c852bd8cf97d312f09427d3bc0caec2d
27511,education,none,development,voice-eval-split-v1,aeb3bba5838130688bea6f020ba04b2c1dd41c2a7d35ec58931d6add55d72c7f
28532,health,none,development,voice-eval-split-v1,aec7dd3ad2d82eef23a9f8281a769bed50ce1540e0c5fa6cf61fd70dc552e078
27521,roads,none,development,voice-eval-split-v1,aee634de2cfdddd61a771af006b6f804e2a454fe1018861c53a7ac1ced891721
19343,water,none,development,voice-eval-split-v1,aee8a583586e31664d655d80a22a54086a36d54664b01fddb4fe0cd3c992e252
09192,health,none,development,voice-eval-split-v1,aefeb8a80679a2c6e02f23199bab832f4a820e6f4ddd034266b6f06590637382
33618,roads,none,development,voice-eval-split-v1,af174af89a012d216ab473749ce3fcc88f3b833f9c39ced04ed9780d654d47ca
27520,education,none,development,voice-eval-split-v1,af2edb116d702d817fe3652d14cf24a6621bfc1dcf5e0d263fa59e08bf524077
15287,health,none,development,voice-eval-split-v1,af3252b76f3e9d353043594ec4901b406e6cc855e569ac06d6143387c8fc4ec7
18306,education,none,development,voice-eval-split-v1,af33848bb7f0c7242b404fb83000810a8cf142a8250423de0cb5448900791610
19344,roads,none,development,voice-eval-split-v1,af39371f49bbae831dcdee8feff33db7a4d9f3de4488cd6d610d5f858fd0ea83
07095,roads,none,development,voice-eval-split-v1,af43bd9061a360b0c88c514a420b5583cc67ef9fb5446174b8f7ae3e83863c30
07093,health,none,development,voice-eval-split-v1,af46562252ef64a6b5242c98f58cb80de65a1c0f5d651d4902e016e9ad3f903f
18316,health,none,development,voice-eval-split-v1,af483596b9e491deb79e826023a54918642f00360ca7d6b771a9110a3de71c43
29579,water,none,development,voice-eval-split-v1,af4accb09e72c11ffa0c30623bd3512798e83b700c0bdc773d4ac18a6c5b0fa3
33610,health,none,development,voice-eval-split-v1,af62b350b833a554e36c9a2de697fc3fa84b6de69d638f1fca76690c6e2b7bfb
33613,water,none,development,voice-eval-split-v1,af673fb9451f253d06773d104dbc269cdc3bc62ed3ef45b1c3a8b45542ac81c5
21377,water,none,development,voice-eval-split-v1,af6a9d97ebefc0636ae33cbff9e142eabd7235efe351db47212df66b1d9c3568
24488,education,none,development,voice-eval-split-v1,af78e7ad82ae7b84a362381bcce9eea36416c31bd9c34096c816045192677d53
27505,health,none,development,voice-eval-split-v1,af92078a8da015fc868d9fe480f8c518867254ed0085f7a3d000d86b02b098fe
33624,health,none,development,voice-eval-split-v1,af9c664a4d05fa5562640dad1cc93e5b5da100c5b4e467cfe98c8eb869fb3168
22405,health,none,development,voice-eval-split-v1,afa917d7930a6aab1343a14f7e05a953e9a8e53c22cd5e758f610b5b16bf3ec2
33618,water,none,development,voice-eval-split-v1,afca2d82afcb43a1d1f3438a2d8b56da641c496d4a11fffaf4647f9769865bea
09145,water,none,development,voice-eval-split-v1,afd056c24d3e25c43cb260e107a2a8064f4e18697ceb57fc51a630f09b82b7e2
27513,education,none,development,voice-eval-split-v1,afdeae78f78f395ca0531cdf41cf0a25313d524610376ccb8f25b6737065b258
28551,roads,none,development,voice-eval-split-v1,aff534d31c45ec8969df4b9218032fda477ec13e5874029ef4a45148362c0f8b
32592,education,none,development,voice-eval-split-v1,affd032e7e416aa746feaf895f65eee5ca539786857fec391af04ce7aeaeea76
09196,health,none,development,voice-eval-split-v1,b0135a17f473b48ef495f281c3c48cf270a168381efa6f08127f75d6ade68d64
01008,water,none,development,voice-eval-split-v1,b04f1866c357836895d51e57854194db33eaf010eb209db741f17ace523535f7
08099,roads,none,development,voice-eval-split-v1,b072de8d7a757fc03138265c7b9e0a0a254418672c3f7f9d6086b314063d8c60
03049,water,none,development,voice-eval-split-v1,b0c28b4cfeac7c1da6889f2c25f86ba2ffffbb2e16826b07ce6e4589084001ce
09164,water,none,development,voice-eval-split-v1,b0c2f4acb4cff84db2b75e94883a406b5188a9160beff1d27d09ae8ed7db0998
09141,education,none,development,voice-eval-split-v1,b0c3fc9a56d858ddc80912c6d5ae0c0e7d0d64010c073ad0e0999d17b09b9c5c
09145,roads,none,development,voice-eval-split-v1,b0dec07cebc51a6b3d6b2d15699aac05db5898786da4a6c59de598ed51a0c221
33608,education,none,development,voice-eval-split-v1,b0ff41edca552adc6c6e507bf4d60d82248615f96d61eb6b48199aac6a6edcfc
23453,roads,none,development,voice-eval-split-v1,b104e5d8830575f0b7a76e6e8798f5953fae0036c81e2fcb986c1085bebf9810
23445,education,none,development,voice-eval-split-v1,b1220cc3de3c5e24679cb0fdce52171457a1a097224c78da4428c3b83aa57ff9
21391,health,none,development,voice-eval-split-v1,b140487529cc506ca1997186965896ca6cd57bfd9690d022ef8ac67bf069cb65
10207,water,none,development,voice-eval-split-v1,b144c1ffe6dabe5c1ddb1edbf71ad1a8a82a906df75b9871c7f04b1b5a562730
19334,water,none,development,voice-eval-split-v1,b1622cdd533115becf52a8276e1d4a5734de2037bdf900a3bb813360a217b5f6
08131,education,none,development,voice-eval-split-v1,b16c0445008248e06856da60dbbe18e158924e833106fb1bf26b85222834e1ca
32588,roads,none,development,voice-eval-split-v1,b16d8b2e1bca38710154098074049e264664cd0402de81a3549fb762929f5a4b
29580,education,none,development,voice-eval-split-v1,b1776b842635948c2e8b5b3b44b8ea05ee00469537808d1f1d952f2b6d8b76a2
33607,roads,none,development,voice-eval-split-v1,b189c93b71932061680ab549171569f81ffb510ec291942c481c42d3615d7794
03053,roads,none,development,voice-eval-split-v1,b1abe6506863c845e48471dfd98f48a45dce522b98c6fd108c09bf1e231aa85d
23455,water,none,development,voice-eval-split-v1,b1b88543e1a426cb9d6d51fb30784c8b940dc51539750b1ca13b184e8953ea37
03041,health,none,development,voice-eval-split-v1,b1c9e4efc723a3dbfb54f11c57d94b5a6f353ac9696830a76bcf8fefb6931f1b
14278,health,none,development,voice-eval-split-v1,b1ca6d36a5b62e8224ce8fff07ffca2ba316277abb23dc686c8b7de03bcafaa3
22407,education,none,development,voice-eval-split-v1,b1e6a774a53c306080e15dc08e6f54c83ca431b3ec2c3e085ea732d481551864
29568,roads,none,hidden,voice-eval-split-v1,b234d17de9f0a70ff2b7e480e77f4a68e8c35128ea6f369d4f9965db0ef38436
15288,health,none,hidden,voice-eval-split-v1,b242a1fe7acfa8be62bb7c04cd56eb2c34b64fed8fd0a7227f0bb1d221e9c9a4
21398,education,none,hidden,voice-eval-split-v1,b2599e6b8e2b473f3c92d03137e2cba319e7287cc9f0e6d5530adf5805d81533
18315,health,none,hidden,voice-eval-split-v1,b25cc268de8c0d4101a492ad8c6c3351649ca64e85b6dae0fce169aa1658b318
27525,health,none,hidden,voice-eval-split-v1,b2712a5ad230171e9a39bfa2c237ef92343b985678fd0d5d6a9bd403a510c59c
23460,roads,none,hidden,voice-eval-split-v1,b271a0457667acf18df35c48b4d91681b732aa73b5a2fcb7636dee3dbb5037fc
28539,water,none,hidden,voice-eval-split-v1,b278f9b7cf04dd612e12f4101a5eed5ac1f7cf4946f3bb7d7335c54f1781d4f9
22402,education,none,hidden,voice-eval-split-v1,b282805820e5ef04b3cf951ecf5f42c2a4495fd773ca2d200025599dc744c674
03050,roads,none,hidden,voice-eval-split-v1,b2afda5c557e582205b94c5e058a89a2b3b7eff588e8615f71959cc4d5b72624
25494,roads,none,hidden,voice-eval-split-v1,b2b30e13c916da6b23e72825c34a1a2c6f0c1f680caeec59bd491a203f4d6cfd
23437,roads,none,hidden,voice-eval-split-v1,b2c75e6dde74fe4ca2a98245da340c8ff53f967bd83093e47d525e86b1130870
08121,water,none,hidden,voice-eval-split-v1,b2c889ec2b8d3773e93f33eaefa1d7928a7bab18cf540a7bb8b5729c84d33395
18309,water,none,hidden,voice-eval-split-v1,b328f1ac5220303e9544886277da0806423abbff1b225aae36f6c1dbab19e0fe
32593,roads,none,hidden,voice-eval-split-v1,b33e0b02f3574d48585a3abc00c1e02b8aa19f2f4b94bb85cc53abec59ff20a3
10228,water,none,hidden,voice-eval-split-v1,b34bcdb5a44c836ffe9bdf954a3d02372d8ec7b96dcf917601818807de82b405
17294,roads,none,hidden,voice-eval-split-v1,b34eca78ccececeb1bb72af09f71c3b7487e2f376612d2f4d622684960befd7f
01009,health,none,hidden,voice-eval-split-v1,b354aafa2fde9269f97f183b98b40f967efd16bb0acb6e606ad7fe9886bb3ff1
23441,roads,none,hidden,voice-eval-split-v1,b37a13036ed7810b064c208106b8637e57c348b2aa5159f7b594db6bbda65f9b
15281,education,none,hidden,voice-eval-split-v1,b37bd2f9aeb071ee3ee8bf4bf4ddfd4e0fd61859913dccf09183c2980c67ade6
09179,roads,none,hidden,voice-eval-split-v1,b38a973e71078ca0c5e3d2ac097d4726a15e5582c4f11f47e91853eaf3bc4c7a
35639,health,none,hidden,voice-eval-split-v1,b39ef83959bdcd56b48efe1ddb060933dbde55e817b5673568a5d48efd908066
33606,roads,none,hidden,voice-eval-split-v1,b40764621737807de13b593997274c9521b06a0c990cdbb1e967b312280ed647
09171,health,none,hidden,voice-eval-split-v1,b41c7fe34808c2fa83a292d7e4958dc6c5d14009a504a585e6cab3e636f7d619
33626,water,none,hidden,voice-eval-split-v1,b41d88f92bef5dfe487a4ab077a9346a77414242ae5580c05b28c93d9b0b6560
33628,education,none,hidden,voice-eval-split-v1,b430658914bc73491a7755c07dda94790149e0b411e57adf97a0d3aaa24d057c
29582,roads,none,hidden,voice-eval-split-v1,b4539aec2fd137917c2445bfab6c51689d492012dee3d6ebc3237201cb2c1978
12249,education,none,hidden,voice-eval-split-v1,b4552e55a68c63b97e30964919227a0ebc7d29bc60b724b9fdd41507071e40dd
23440,roads,none,hidden,voice-eval-split-v1,b455b0231859689e86617f40aa543de71b2b8bb464c02e3f871f16ceb964501b
27530,education,none,hidden,voice-eval-split-v1,b48173cd3c51c8754974b011f791379a38583e3b357e6c5f2341a2dfcbca8311
10209,education,none,hidden,voice-eval-split-v1,b4c8c6fc8bed05ce2ce4752efe8d9611b045777a6b99bfa3371ce98b5ff57f63
23461,roads,none,hidden,voice-eval-split-v1,b4e94f9f9caf46a7983a10fc79f5b51021b5e30c5bc0a18acb16721824445fee
09199,health,none,hidden,voice-eval-split-v1,b50e3623639e671a7cea4f2dbc63890e52e10b575ffdba94d15529b3647d5028
07098,roads,none,hidden,voice-eval-split-v1,b50ef78531a4a045d435a9949f4e2ba52d41064177c127a72ed9983a9e0f8009
08110,water,none,hidden,voice-eval-split-v1,b5101ed52f91a9255ad08aaa9560d5ad360442bdad0debee9993b40745ee0c65
09139,health,none,hidden,voice-eval-split-v1,b513f27a1ab5ff911324b0d2366853b9310ffb2930e72de4817034a1ce405049
29559,roads,none,hidden,voice-eval-split-v1,b52532fcd51dac5f856ace940c4f6dd687a6b4e84bbdb15d05c6c16f8afe99a9
21388,health,none,hidden,voice-eval-split-v1,b54043704c1cf9f357f62b4ed4acc3ac844ab8be57e17b331dc25ce9bb68bfb1
33612,health,none,hidden,voice-eval-split-v1,b548926ae5a3cbab601b266e4969eb82d023c472b977de94c6abefa056b5e011
33630,water,none,hidden,voice-eval-split-v1,b56478a1a9fed634a20f255c1adece2bc2e09150dd7f302268e1a17dae392af2
23442,education,none,hidden,voice-eval-split-v1,b5683ed4d1c5a7f6889c28499d82c701a7763dd74fc3c5336658f4d61206c60d
32595,water,none,hidden,voice-eval-split-v1,b57b6cbdfcdab3e8d494d9ac0d28f1f070028e2b2d7ccd031fdd0b2d064c970e
27523,water,none,hidden,voice-eval-split-v1,b57fa3562d6447a3ffe21000c7603e248186e28269635d2fe2022a881a8ca165
09169,water,none,hidden,voice-eval-split-v1,b5b63e9fa9ec6fd8ae2fe43550b16372e420395ed08542d5f9546ad43103016a
20364,health,none,hidden,voice-eval-split-v1,b5d3aaa1ccd43c21e70b6925f0e6f7aa813b606c00d7559df1ca85dd21a2ee6d
09166,water,none,hidden,voice-eval-split-v1,b5e05d05d0cc0dd0e351faea3264f554b345014bb3881325dab7de0b5c7a1a90
33613,education,none,hidden,voice-eval-split-v1,b608bc322a48ff5382393816b573012f3a620cdd6af84ed4ee706d09cacf8cba
23444,roads,none,hidden,voice-eval-split-v1,b62e2f1bfed29863a3b854e5c02e7985225ce12fc607910ea51b4f3f9e93a82c
06071,health,none,hidden,voice-eval-split-v1,b638725fdecad76968a8c1ac67c21f373c4cf8557bff6b001b4afc531d771618
14272,water,none,hidden,voice-eval-split-v1,b653b9c5aa6427d353a008f8a306414ff89fe7c83d5b68de9c8f4d40f42f2d2a
23424,education,none,hidden,voice-eval-split-v1,b695f87fc66b7b68acc59ae87a2f43e86446f1d6351849a92e427429254a8778
05067,water,none,hidden,voice-eval-split-v1,b7028efa09c0884ffc6348973052a189225450731bac1546321f97d6b3d6e580
27503,water,none,hidden,voice-eval-split-v1,b70412d9c20295b018ad1b8f9c73c976a1a5ac8ca56fec1590dbff820e97cd65
23462,education,none,hidden,voice-eval-split-v1,b714cd31ab3a3561a8b2dff00881bd1e3b609d68983c2cfc666bc3244c03a52c
27510,education,none,hidden,voice-eval-split-v1,b746873d3d10c2da6bcb3a655ab85baf8f5c950abc03e8b63fcc8e6e598faf11
18305,health,none,hidden,voice-eval-split-v1,b763a0e3443684591491b83beda6582c250db986ea6e505f3f5d3ce22f6d12ad
08116,roads,none,hidden,voice-eval-split-v1,b7d2b4d7fbe77f7f4c4a7b25a1d32d4dcac35cfa8bd93821b83e575d4d33749c
34635,roads,none,hidden,voice-eval-split-v1,b7d67a7bce0a511c3a1ae0e4174a91d9e34f662084eb0d312dc8f1da2271bf74
16289,roads,none,hidden,voice-eval-split-v1,b7f2e63b983cea9711cc3d50a52fd36209d8f76752d423c53c68d542e6d379da
33629,education,none,hidden,voice-eval-split-v1,b8162c5ce8ebbc8983210fbfc6198973db6d8fc8ed810816f12df263f1ae2f1f
20366,education,none,hidden,voice-eval-split-v1,b8505b9a7827a9622c944d32b05a39d973145ac4105391046a46ec11c4af511c
15286,health,none,hidden,voice-eval-split-v1,b8748a99b92c30cce312c5f8303ce40c22c289c8112cfec7c370b6f86c2025e3
27497,education,none,hidden,voice-eval-split-v1,b8ac5ef64c9708700ff47af7132508fde35b66965d8e5bc0ab7c7289c6d85d56
21383,education,none,hidden,voice-eval-split-v1,b8c031799cff75e7bb95c0dbc745953ba9d3c5c3b1e0de96e838b9f125ac2aa3
06079,water,none,hidden,voice-eval-split-v1,b8f76286c558a3d1a348dfae34da6ba0e61e00f0fa8650815a6a1bae21535cc9
14274,health,none,hidden,voice-eval-split-v1,b913204d752919d80b12eceeaa0fe3219f25d08d54c22d1b69cc4b09ad833919
18301,roads,none,hidden,voice-eval-split-v1,b9185a7de09e08a17381432d9d8a9041ad955da0951dcac824f3d3bd8218f64c
19337,health,none,hidden,voice-eval-split-v1,b91c32864252861ee0389a5c2d9172b451342a6f24504473be72e32cbb2622ad
20369,education,none,hidden,voice-eval-split-v1,b93a92f34e46d224b20872bc3186c25a5c55e59885d8e7445767f81b44fc12a7
13270,education,none,hidden,voice-eval-split-v1,b94889c5354072bb085f4a68d0bcc30916275d4a28ba42b2f28942b02ee83ad9
29582,health,none,hidden,voice-eval-split-v1,b94900b8cce37beaf1fe9530e279013b36d27320d67afdb3ce38b22691165538
09164,roads,none,hidden,voice-eval-split-v1,b953224109c59564fe9e997d3852fb8e78aaddc7a528087909f9ac7384febc29
09178,education,none,hidden,voice-eval-split-v1,b96a54dcb9f612ca68f4759e80fc15fc22c4cc15cdea20e1718a2839129f80a2
33611,education,none,hidden,voice-eval-split-v1,b96a87815c36532cf021145966005195127966c4ce140699f991c711d7110945
34634,water,none,hidden,voice-eval-split-v1,b97c182c2f1b6e9b91bc538f054660d859f686f0fcdb24baf72d501e46653832
24482,health,none,hidden,voice-eval-split-v1,b9ea5cd1a497234df716bb7b0d3e5c888af01c2da8c4278a2692a7ad55d7676c
33633,education,none,hidden,voice-eval-split-v1,b9f4259b120098b2086e3ca0a49cf31ce7c397126e061019e25622e42ffe063d
21383,roads,none,hidden,voice-eval-split-v1,ba2164db8384ca906043f62fd34d6e28f75b293096fd8cc7dfb0211cb5615b21
07094,roads,none,hidden,voice-eval-split-v1,ba401cb48b54efce30cfc62376f7799231fda3f3d6483ffe38620c49962ac7e1
18322,health,none,hidden,voice-eval-split-v1,ba5299e0a342c4e1a3692614a6f9babbb26fcc453d21eac2c190aaa9e69f7c08
18318,roads,none,hidden,voice-eval-split-v1,ba5d085c9ad7e51fcd1873bcd0a5375a632219c48f60bfc62333812708d934ca
13263,health,none,hidden,voice-eval-split-v1,bab5cde50423e4d155c08f1f2ead9d0dab34332428ad5d5a3a25d0316d7aaecf
05066,education,none,hidden,voice-eval-split-v1,bad870edd74cdfb2913d52bcde86926aaabeb8266518d84141e5bf1c61120a21
24493,education,none,hidden,voice-eval-split-v1,baef6b5dfe046f59c4e0e9c2f11c12a224218af9dd0f9d7ab4fc30ac28ef74db
09174,water,none,hidden,voice-eval-split-v1,baf92d8fdaaaf7987cf393414726656f0f0afb9f48ca2717a6a46472e2b78338
06089,water,none,hidden,voice-eval-split-v1,bb03a3bf9d4a9c423daa5cdd6dbef6053f62d548a2a946e33de3783581335499
28537,roads,none,hidden,voice-eval-split-v1,bb05305efb5756e31e3ea551469311c9f40c43ba8f221854f5064c76e67385c5
01020,education,none,hidden,voice-eval-split-v1,bb0a7292c60608991b9866633990bd5a5c918e6ee96ec90e82a29308fb980b4c
18318,education,none,hidden,voice-eval-split-v1,bb2a127f1de88c13967d2c1814d2f10a7cfbc89a88d8568de5a7d265b209ada9
24477,education,none,hidden,voice-eval-split-v1,bb5f81331efa778ccda91ac602f7d7eae50a3c244a2ffaa487fc1d2ec1d12b9c
18317,education,none,hidden,voice-eval-split-v1,bb6469336b766d41e22b3070c08c48aef7763e3ce34f5e38b792bda4f52dc739
21379,water,none,hidden,voice-eval-split-v1,bb80c0de266beb2feda66db002d0133133381581287c17e9ecc3c33db9e551ef
19340,health,none,hidden,voice-eval-split-v1,bbdcda6db23eca7d35558fbaf723ad33759b5aabffa3c880a68ec19ce16372c6
20351,education,none,hidden,voice-eval-split-v1,bc083827b6b28e6991de1c691cf2b570b363d3cce36ab1f3bb69338372eab664
32593,health,none,hidden,voice-eval-split-v1,bc644e7fb0a930179eb0d46641f6b3ee713686ed8522ad79ac43c419cf445128
29568,education,none,hidden,voice-eval-split-v1,bc743d1ac9425c6f4211ac50be0824c6b74d44b1f6fa048947103de802f1a295
15284,roads,none,hidden,voice-eval-split-v1,bc76f40199643cbbb770b53c2b2495d58adb122626e44ad4003026e4195143d4
34634,roads,none,hidden,voice-eval-split-v1,bc7c8c6464808975b7a4b7bddbc11148c8a27a6e9ff7958fd7e244c209a1af97
19340,roads,none,hidden,voice-eval-split-v1,bca2bbe5a0c27000bb7359977c1ddb372cd6dd091536c9c084685073e6f250e0
28540,education,none,hidden,voice-eval-split-v1,bcb402eb50cd1a132cdfdf4b110f89111e86482dfdfa9dd07a9de9b00f16edce
06088,water,none,hidden,voice-eval-split-v1,bcb4133616217faf019cc77c64c552475cb871070b2f25d67e7e84a964a45953
32600,health,none,hidden,voice-eval-split-v1,bccd1367dd32427dc467797b28bc6e4cae616616bc5a82090a5cd1326390f9d2
21382,health,none,hidden,voice-eval-split-v1,bcd475a6eb8aa7f7bd6e759f1d3e71907fbed1f963ecccc4bcf7c402b64cf186
09167,roads,none,hidden,voice-eval-split-v1,bcdc18d5dec5ea36aa04790aeed5c3423ae6f78fa0ce0cf8034682885f56a963
09136,roads,none,hidden,voice-eval-split-v1,bce296d55d621683bac4993d429158966482f8b93577175600de48a8e02c6771
09178,health,none,hidden,voice-eval-split-v1,bcf3fa4e2c3e9ecef140d08726061047ec6eb480f28e1083208b9fa7de0c94ed
24476,health,none,hidden,voice-eval-split-v1,bcf5ccbb6a84e56b7f5e5a38d02d869d59b98225ad1af45b56e9720846e64434
01021,health,none,hidden,voice-eval-split-v1,bd1b29c7e41910cb0de29e4333876558af0df7b0a3ba0e937d1ba6938b37b2b8
09140,roads,none,hidden,voice-eval-split-v1,bd48ab83592d163a05784de03bdb48e0fc08c1b3070414f1a85aaee690aa624b
21375,education,none,hidden,voice-eval-split-v1,bd639356e1e2de0915f1b1dfd21c64cfda6d189c3a7a018a68384fe36eadc1a7
21398,water,none,hidden,voice-eval-split-v1,bdc23477b756fb5249ab66aa2b79a11dc2a900e1b46c6c797005d885f7f08364
06070,health,none,hidden,voice-eval-split-v1,bde557b08d08b9c2a2fa5d396bcb7e8679bae4d27d3e860203c0b309840b4ced
24490,roads,none,hidden,voice-eval-split-v1,bdf4b815ff093ca2261522c62d949c5dbad392612dda60a783b4426ad6364f3b
09179,education,none,hidden,voice-eval-split-v1,be348893fd50b40e3ebaef876a517b07cf94a652dad26e775b57c33a30f32e85
15285,roads,none,hidden,voice-eval-split-v1,be4d6944ed51ee158ffe14c2a0523543c335c3b4d3027696c8f24d218fb85f74
33604,health,none,hidden,voice-eval-split-v1,be567be9fdc1b441615331ea9fbf0e08ac2e9ee1149da00a91ba9bf5d2f79e9f
11242,roads,none,hidden,voice-eval-split-v1,be57152f7f520c33573d57139d270495ff1faadca6200e9d6c6db6238477a65a
09153,health,none,hidden,voice-eval-split-v1,be6bcf74d687aed09a5b1de52a21e73c1ae8b5650f0365f87d6845b86a26994f
08121,education,none,hidden,voice-eval-split-v1,be77207073ce9e829d404dba77bfcf3f39a4afe4984bac79d2bb43f8a721f0be
03050,education,none,hidden,voice-eval-split-v1,be9600902cc18efcb8b54691ce4d5c3fbfaaca0d3fb5a9e34f9bb0d09705f431
33633,roads,none,hidden,voice-eval-split-v1,bea47a11892d031bae3d340dac72514ac205083de9aa3850dcc5066a6c1a4dc2
21394,water,none,hidden,voice-eval-split-v1,beb9458fe58e1040d1e645d8e20040d970b07581b0e82dacd5bf83765a656951
08108,roads,none,hidden,voice-eval-split-v1,bec7d49caee6e187b9dbee0bfd267d64b73456c95a656063b136ddf689837bc7
10220,education,none,hidden,voice-eval-split-v1,bedd3d8b0b1bb110aa5452dd2e57f3c9309c5aaa7b9aa02be1c354577c1b938e
20350,roads,none,hidden,voice-eval-split-v1,bee36d2dc88440e8f253db877d98768be1cfa468e1ba326174d391a5191401b5
18304,education,none,hidden,voice-eval-split-v1,bf04b13b842bdd40e7c08c5380c74c068554bfeb7e6905df3c8630e58585a7b6
23446,education,none,hidden,voice-eval-split-v1,bf075750b9dfbab180611b9413df75ba45e8e04aa14c4260ac997ac15ab06601
29570,water,none,hidden,voice-eval-split-v1,bf1ea69e093b8e85aab7a897e9b3483c92edb16c03d90ba8dbed7218672b339e
01007,water,none,hidden,voice-eval-split-v1,bf314b4aebd00961673cf1ef661d8051d0fd121bdbea96e5b669983c30c4c426
06069,education,none,hidden,voice-eval-split-v1,bf56c734ab20835390e04feba054dceac9461c11197ccb923e30a38c8041c625
21391,roads,none,hidden,voice-eval-split-v1,bf9176592d160d33dac52983454c6b3c5143988bb01d7097a52a0ba83d9c3953
07096,education,none,hidden,voice-eval-split-v1,bf9877040df735895806690ff32360eb0973150efd01d757032912f4a8119d75
27501,water,none,hidden,voice-eval-split-v1,bfe7cf804cc8c1183afd3f62f2bfdb3d27204793a10de85694a39ec4444d0835
10205,education,none,hidden,voice-eval-split-v1,bff0fca736ebb95c2c02a0f283f92b4e1a9022996ab363b5ad9178eb1cb75dae
23447,water,none,hidden,voice-eval-split-v1,c00db5ee6aa2943ca27d2bb03421696462165ca1047d10c5257eb31b0b78d7d8
19339,water,none,hidden,voice-eval-split-v1,c02ac46246132e309026f2d16df41fa9ae632a0eb6f76ecda5371c993e16a481
06075,health,none,hidden,voice-eval-split-v1,c042b7760b09a04b91937b213e8eb48303181d6cacc5c024595c88132aba839b
20353,health,none,hidden,voice-eval-split-v1,c0a399f138018a671c1f8889b250e61b3c3c18f75dc9eb9bfe36e1c8a2c4645a
12255,water,none,hidden,voice-eval-split-v1,c0cd5f74368215ed75a66c1d4623f813249fe5ddaef7e5492e5d92e2ba385d19
32598,education,none,hidden,voice-eval-split-v1,c0d1f4a58165deac9f2fcdd9943fcd8d797435197624590deb0d5384060331ad
03038,health,none,hidden,voice-eval-split-v1,c0e5a3f5d7e87df592095256d9133c266024dc9af1ba5cb67fec103954f01edf
22409,education,none,hidden,voice-eval-split-v1,c0f0fa4109374c08bab28eb2a188983ac71c10fd5f3f1d9ecb39e126b0f0bedd
28542,roads,none,hidden,voice-eval-split-v1,c0f5e9360e52cc670658c73cebe44ff5a6b10c1446d2af2e21d2f3d8c8096323
32596,water,none,hidden,voice-eval-split-v1,c1012b452be897dff77bc0e1b4cf7bb3b7cfc3a5ab2d6840d16f3035424ca413
15283,roads,none,hidden,voice-eval-split-v1,c12b78a1ccc84fdb945bff2c7b576d790a1b9902a841971a65a73e762a356eda
13263,education,none,hidden,voice-eval-split-v1,c13210eb7988c8dd13385d8c5466adb130b2151a6a0f82c77d84495cfc093f29
22412,education,none,hidden,voice-eval-split-v1,c14c10669e6320af2088f30fd7ebe8654958ebc20d201449143be317b4457845
33606,education,none,hidden,voice-eval-split-v1,c15795fc5cb898797ad720a67ee632b4fad0826eda8128196420def332b1ca73
22412,roads,none,hidden,voice-eval-split-v1,c15c6d73797e2f439627efe8cfdd23ffd216de021ee93629019a6cb7175868be
01015,education,none,hidden,voice-eval-split-v1,c15fc6549f1caa004a3a1d7c5442ec2cae6fdefcbe63b2c743b3544371d46ef3
09188,education,none,hidden,voice-eval-split-v1,c1600f4f95531634333cc26e092069728803e4e255490c2939b78cd823e2577b
01013,roads,none,hidden,voice-eval-split-v1,c1cbdbee0b0c8dabca4401bca121bbb1b70a21cc7e5bdb8e74d53831f9a674b7
10237,health,none,hidden,voice-eval-split-v1,c1dd002c24e43bee2937cbce615187eff2faac3cd3eea309acbcdb45244c290e
21376,roads,none,hidden,voice-eval-split-v1,c2250f4e58f6fd05930e645fb9a245e6fd1176cdf9a15aa6804c213d2b3dfb93
09151,education,none,hidden,voice-eval-split-v1,c22630ff8cf75a93d37a2a07d45fb2dba2283f19e1ca7e959cc355ac8780759f
20350,education,none,hidden,voice-eval-split-v1,c227ea605512fe188e817ff21d6d4db3c179ea32bd95fa1c06fc0e001a8d9f01
20366,water,none,hidden,voice-eval-split-v1,c24a1661df93c262960d19463c1f59ce531fbc769f37ed12a75b0d27ea30980e
17295,health,none,hidden,voice-eval-split-v1,c24d06f6f7c65697834ee9b12dbbad7744c962f006f8e1325d80c6c77309f7ac
23465,health,none,hidden,voice-eval-split-v1,c2a02e07935bad3fb6cda46db7876cb0dc36a33105ace5953e441ff7354b04a1
33615,health,none,hidden,voice-eval-split-v1,c2c21f4c5469b189440190e1111432dbf3a74654afbd9848e069002b8e4d9693
18304,health,none,hidden,voice-eval-split-v1,c2d13f002cfa60e16f84ea9a8b1554f3b77981e5516ab674e19e9ed412c6f2b0
09176,education,none,hidden,voice-eval-split-v1,c2f1b35d56eb5915015e723618f9f67612bdd5e981471bce3c638ccbfb4e22ec
23451,roads,none,hidden,voice-eval-split-v1,c2fb65b67a3da4c0117d31f22e7a8335350995462b18004fa93d23b0012bcf23
15282,water,none,hidden,voice-eval-split-v1,c3578cd7ad760bf0f0dd0028f561359fe89e4c54aed31ebc68412bfff789217b
09149,roads,none,hidden,voice-eval-split-v1,c3c645453d82faf44ca29df5bbb07c1a94a3cf82b075d62ae506b490d51ddcbd
18302,roads,none,hidden,voice-eval-split-v1,c3d11021668c128ffe40d562c05d9896cdd9db2bdb9259edf7e762f15e769389
12257,health,none,hidden,voice-eval-split-v1,c3f1a43cf3444006e595294faa53b794adbd92dee80964238a07bc68443741bb
13266,education,none,hidden,voice-eval-split-v1,c451a8feac4bd56ff01ed65888d99d92bf28edc89680c03fc1c5162c25df4144
20349,water,none,hidden,voice-eval-split-v1,c49a7bb7ed28747ebcd4242c64236815a6e90b355ac829e981f6e48fa154d7a8
18314,water,none,hidden,voice-eval-split-v1,c4a2eaafe4c7c1a1202a673e5f3647b09a118360a8e0692f7685ee62a4e7bc81
21395,water,none,hidden,voice-eval-split-v1,c4b1e9ad71d866d481421d750669ab534b13e5ed2e2095ae522fb7a3fb270f5b
28549,health,none,hidden,voice-eval-split-v1,c4ccccd568dab43f132f135b31fe7ec7fe9bce8341cc9047ce00ce95c96217dc
35640,education,none,hidden,voice-eval-split-v1,c4cff64c9743c9ab9608ab756400bc6ac1179fb104d04dd7ad7c401bb3e5f33b
28541,health,none,hidden,voice-eval-split-v1,c506a29536da55eebe8d905c7b42db36f65468a08ed63e5d2c1e59859b465da5
08131,health,none,hidden,voice-eval-split-v1,c55b62db66e1b4fcaf799d50ebc6b169b72eeff19650b4cabe061b5a014bbec9
23432,roads,none,hidden,voice-eval-split-v1,c569bca578396965e80930520730e06d6e420798d256637fc9cd28282ad5cdfb
30585,health,none,hidden,voice-eval-split-v1,c5aa6697208767bd9ef7fee91c89f529ea548355e0387f8ac854a6db8e4141d2
20361,education,none,hidden,voice-eval-split-v1,c5b29f49f12329bff6ab04cb7fb13f656170711d0e8d44f9c9edc038a64d7fb3
10221,roads,none,hidden,voice-eval-split-v1,c5b46f14f7559c34ead6854a47cae63b035b7eae36b49f70b194bdad8370dbb5
21386,roads,none,hidden,voice-eval-split-v1,c5ba6270fc1425267b7efe1f1f8f2a0c5c6c8fc2a88b49ac43faf95d8627c941
10233,education,none,hidden,voice-eval-split-v1,c5c20d55648a1ed832ec49a26acd8a1412f7190b99d850faa572645c77edaf26
05065,education,none,hidden,voice-eval-split-v1,c5e5c4232a1fd0ee3f21989f7d4e4df615b228101c78b6a8189cf59ebbe80e50
10226,roads,none,hidden,voice-eval-split-v1,c5f5453ecd40086c9d545c5325785fce4a81664da851b9db1f8027e2d8e827b1
32601,water,none,hidden,voice-eval-split-v1,c6016d559568f92386ab2f81deed2d1236b8ef577ff9efa56f1bd1e257347854
21399,water,none,hidden,voice-eval-split-v1,c616608f53b7bd411e7c8c597b486c91a507b061a47aa51ecbc29e2749233482
23419,water,none,hidden,voice-eval-split-v1,c61f53a87a7411308eeb2905e79647a7e2adc0974b75e43d0a8a84db9871602a
09133,water,none,hidden,voice-eval-split-v1,c623234269b098e05e818f8d30df6c5286ec72ec1d77aba5658fee59f8004bd3
09173,water,none,hidden,voice-eval-split-v1,c629d50e10abc59d18a731c182945f80d2c9fb68ca08124d6609018eac28827a
27508,health,none,hidden,voice-eval-split-v1,c6560e3cd2c65d4e2498fc27e74634fec3a053d3a5add1461a6ea7ce0c20c99e
10235,education,none,hidden,voice-eval-split-v1,c65696dc75ec24ee131d02a4d292b752f44049fd743a8b2d0c4a5994869e0e37
33621,education,none,hidden,voice-eval-split-v1,c662d57200bc1eaee3a7c44f21be2a65d9cbf4b17fca81d9149b2b20be8b2020
32596,roads,none,hidden,voice-eval-split-v1,c66cbcb1175bfc7e79b097d20017670da039293fbf8f90620625d750fb0d189d
10217,roads,none,hidden,voice-eval-split-v1,c67f2931228a308fffdebbbc948b5e242f03562989cad6e924a44414b74743c1
12248,water,none,hidden,voice-eval-split-v1,c68b593778a5353f4022273eeecb4f4cd1a22a8660f8dcab7ed85f71c5790b06
34636,health,none,hidden,voice-eval-split-v1,c69d2d2e4e54b0deb9d70b9915de73f24620f3ec14591990ca8cdf6133760b30
23467,education,none,hidden,voice-eval-split-v1,c6d9b5379c99ecc26f8bc9fb7ad0c9914761d3a6498b5ea6a0c9922ca759ce8c
29566,education,none,hidden,voice-eval-split-v1,c7244814d405bfd79d2c1444970dbc60dce0d09abc3b663b878332888b120113
20357,roads,none,hidden,voice-eval-split-v1,c740b0a0d9e9289bcf8e8d133c34d09161712c22332087c4662ac960c61f7c06
10215,water,none,hidden,voice-eval-split-v1,c785ade18bc080274b1f86e8a6efbc618ae899e183112c3e88f6000c5660919f
07094,education,none,hidden,voice-eval-split-v1,c791ea3cbdf9c142c20a467b855672b2d83654c2a0f50b8121116c9420a7117a
20353,education,none,hidden,voice-eval-split-v1,c7999314d7ca89159d991c93d5733066a448c77c36c75ec476df286d35cc565a
19340,water,none,hidden,voice-eval-split-v1,c7ac4d31c45e49c3fe7617b4fddced166f622557c99f51ef5059485a981012b3
22409,health,none,hidden,voice-eval-split-v1,c7dedb82d3884541ac4045f16681ee6192e81c1712e15dbddf67e4aa91c485fd
18313,water,none,hidden,voice-eval-split-v1,c7ec606d4625ae466d56857388776f8ab87f6e5da1ceafdd0cfd0966c29003e7
23431,education,none,hidden,voice-eval-split-v1,c8364aafd4fb76624183f390517b654cd6ce94319ccd95c856ef721cfc3e2ab0
01005,roads,none,hidden,voice-eval-split-v1,c857686adc054c96d11327a4337bdc4469e1e324702b4e2d42e3a5b7e89a9369
09132,water,none,hidden,voice-eval-split-v1,c886c2baa5e1be304b38f7f833bd268c1b32cd9b4e6df6eaf28ca38ca955fbbf
20357,water,none,hidden,voice-eval-split-v1,c89ec741ada485efcffee23c1f225044f35189badb137e187e2ac4b91118ba50
09202,roads,none,hidden,voice-eval-split-v1,c8b271c5472b40885080e6933a24616cb41b85ba1fea2f024fff33eb99f943f7
20346,water,none,hidden,voice-eval-split-v1,c8b97d8ea493fcb88512f391492f8e6cb44382c9dd49d2075dffcaeb9854c813
09180,health,none,hidden,voice-eval-split-v1,c8c5bad9b7e3866a19699bee870b89f544d244a688ce7b6781134ae395965af8
24479,roads,none,hidden,voice-eval-split-v1,c8e9bf06774909970be8043444be2d0b881ea87f9ee277cd4c87292ffda98195
09183,health,none,hidden,voice-eval-split-v1,c8eadd3cae91a95046665c28af702f14ddaadf695ccb89a5f9cd80914918f4e7
27524,water,none,hidden,voice-eval-split-v1,c929c63f593b16cc1fa006df6b8c04f3b556507220823b2000a51d6851876369
22406,roads,none,hidden,voice-eval-split-v1,c93bc128ebc534bf83c935e2a2d50d708642d350c03c382df1c34a543a9e9e99
05061,roads,none,hidden,voice-eval-split-v1,c96bd107d6ede9f1215a031bfa9c860b5b1a4e81cf2db6d5d7381d034da44005
03048,roads,none,hidden,voice-eval-split-v1,c98f072be9be2a618d0f03a21bbd570235d347cbcf507ff7a7723897671c9a65
03043,roads,none,hidden,voice-eval-split-v1,c99fe11863025995f2166871121c0464de2348468b171604064ef9e80862897f
32589,health,none,hidden,voice-eval-split-v1,c9a433946b6075b18525722b76aab6005c117fcfdae4d34948a3522b135f7f00
10238,education,none,hidden,voice-eval-split-v1,c9b43b2b9322461341e03da3de9c99c1f72d8b7ade8f11a4b6336331174d101b
21383,health,none,hidden,voice-eval-split-v1,c9b4acacaa8e2700adeb789c211f25551116c04fcd950bc275b5f633a4b1ae4f
27506,health,none,hidden,voice-eval-split-v1,c9f3a67fba4b2e9b98149e95a647f6cc17630861ee1cca60f4d34c2e8d5a5594
03043,education,none,hidden,voice-eval-split-v1,ca3daa8c1fcf7a290a76f6dc5da719221bdb9b441a9e5c50efc46dd2eee9564d
06087,health,none,hidden,voice-eval-split-v1,ca47a23480413fd1a025f30b77785fe095f96901170590ae21be85aa5ed691e5
24483,water,none,hidden,voice-eval-split-v1,ca64382ed93b264755320c1558c891bca51c6c3f688938fbff7bfe8917cf5af6
08128,education,none,hidden,voice-eval-split-v1,ca64e43ed61786532a89b584ece8b4cec2cc1b3d6d8d29bff2d98456910ec90d
18303,roads,none,hidden,voice-eval-split-v1,ca68c4620fdd5e17196d3b39b16f37a597c82b6f23e1b89842528772454adfec
10224,education,none,hidden,voice-eval-split-v1,ca7770c6f9e463f2c03d44eaba7652b05928314d4d6aa9d3bb2cb9d8b168f6e5
11242,water,none,hidden,voice-eval-split-v1,ca92389df598cb0c368a455496f41cf1f0974f4b3a57a2c47e7619106a3c95ab
23422,health,none,hidden,voice-eval-split-v1,ca92ec6293f579915fe19f36f274df9f17474aa4e99d8bd7d2a68f4b157d7a1a
14279,education,none,hidden,voice-eval-split-v1,cac1fc28ec71e1dd7c157bcc2dda2b6081c1feeb030229523aad5f01b7edf5c1
32597,health,none,hidden,voice-eval-split-v1,cafa1046e99edd7045edc513203e781fed6b1055ad0a2ff4614aba5ce4fa7bba
10225,health,none,hidden,voice-eval-split-v1,cb03b442eb097709e56500ae0a73a84935d11ba4081c7d654e591b93fcef333b
12257,education,none,hidden,voice-eval-split-v1,cb1432f7d953fc0a4ed27b0e6c0c701db0c65d2196d71ed1d7787f18cbd0ac18
18311,water,none,hidden,voice-eval-split-v1,cb73a99f1b0352ae76caf3f74eb25f78e3210f5925e260247083caa067d88b47
03047,education,none,hidden,voice-eval-split-v1,cb8962927ffcb508ad872630f884aaf30ee40c45e1dc3bd5028fc174cc933b25
20358,roads,none,hidden,voice-eval-split-v1,cbbff1752f7a6a4b45eb9858d5e1c5dfda93f553fa463090a9a526d6b9e6b662
18322,education,none,hidden,voice-eval-split-v1,cbe9f78ac26f6302732e58396149fdf8d42b8891885c72764a055e2886736701
28544,education,none,hidden,voice-eval-split-v1,cc21cdbe47c9fc9f6e67d93f2747ec00c64e8764195edf8a313a8fb61f947742
28534,health,none,hidden,voice-eval-split-v1,cca038c4fd2dbc62049a9066ecfe2da5c7de2c425ed8f300bd3524ac804f055f
06084,education,none,hidden,voice-eval-split-v1,cca713128a909733d36cb829a109c6f0107fd969820213943c658b767d60db2c
01011,health,none,hidden,voice-eval-split-v1,ccb61afecd14f589395b6c06fc74f4f96dff730e036e692d906813808f69e2e6
32595,roads,none,hidden,voice-eval-split-v1,ccf350e4cd92a2e96e4e0729bad53db55cef83b9dfb583a787ae780673eb9916
17293,education,none,hidden,voice-eval-split-v1,cd4bdd96868e8758dd96a7b185252ae5da9d10040ec6c5dfce8cc192f33e8113
23462,roads,none,hidden,voice-eval-split-v1,cd871f0135f9b1e7e5ecff820556ceafad55a28100a5c5f7de1501f35a7c1533
13269,roads,none,hidden,voice-eval-split-v1,cd97f790361eb6e4fd3883a8eec58d6bc4a50f3255d3af77690f683d43e599a3
06086,education,none,hidden,voice-eval-split-v1,cd9ad6229aac3924211044ef9715fbd8fa52920df9f8f52851cc94044dc497bc
29581,education,none,hidden,voice-eval-split-v1,cd9b19b6b207ce4b56aa11fca16bb217a8561533209e96396c78d7b98f30c997
28542,education,none,hidden,voice-eval-split-v1,cd9f3e975bd535593c7ea75a80a3dedfa3e71e6d60e5a811809ba29ee851c717
23419,health,none,hidden,voice-eval-split-v1,cdbb14194fa5befa2da3f2b8073cd1c4b329563d4309edacaa20e32c82fa8ddf
23459,health,none,hidden,voice-eval-split-v1,cdbf26119386089f5dee431c67e71860bb3432ec18613033dba33b06e4bebb85
21377,education,none,hidden,voice-eval-split-v1,cde268863cd47ad54d6b738eb32478790f43e26bc1f9b0594a35cb6497b5a39c
05068,water,none,hidden,voice-eval-split-v1,cde8b6cb0f98ca05c8145793343c62dfff034913190167307c6c09953104e464
21388,water,none,hidden,voice-eval-split-v1,cdfabc2eab7959310a985a91b0831dd856d1eebed938c7ec516b93eba8a21726
09175,roads,none,hidden,voice-eval-split-v1,cdfda0387f676a310615dfad48480cf6b1f133199acdf03d424c266c00a9f860
09194,health,none,hidden,voice-eval-split-v1,ce06004c767a9f5d832eb3e47e7c16dbb637056c6bb61f5ff40fbe9bf66b01da
24472,water,none,hidden,voice-eval-split-v1,ce32469040831b0df666b6ff8d70be369be2e2c08776768cc6111605040d3a2c
29569,health,none,hidden,voice-eval-split-v1,ce5534cad8f44b3d8b9dd261a1eea4fbbaafab61ae2b5832db4104bf280d8361
13262,water,none,hidden,voice-eval-split-v1,ce589526946da40150ba8569f409e03048525bc985b62c1ea55323fb25e88214
09167,education,none,hidden,voice-eval-split-v1,ce5f90c7b060ab59a02de2f1bf4e94240a35453fe7effda95aaf3aba1373e705
08130,health,none,hidden,voice-eval-split-v1,ce9f3dd7c8cb979dd9ffb63adf5c846d6251a08a8184b0156f96781bb5953e53
15287,roads,none,hidden,voice-eval-split-v1,cef4486bbdd6c7c66f005cd20f05ccd97a1552476c2dcb639485a084f707c2ec
20368,education,none,hidden,voice-eval-split-v1,cf640a4a0061d40d0274e1484ce2f55f15969e34d9d76af12f20791d0c3ac522
21384,water,none,hidden,voice-eval-split-v1,cf6ecf50288ef435518002f53ed91f888e0ae9f0a2f56480f632ef21b17cd609
27504,health,none,hidden,voice-eval-split-v1,cf6f9c32503a284db74d97f113e8fcb5227bb6a37ee8ae9e743bec5b70da0df5
22406,education,none,hidden,voice-eval-split-v1,cf7b00732ce9e1794a6cec1f605ebeb745c8c7726d08746d3cf40f7eeb047c02
03037,water,none,hidden,voice-eval-split-v1,cf7f2ca21f532b9fee1719a323046f57f22604fa33ca70c8b6b568ca5d75e22b
08113,roads,none,hidden,voice-eval-split-v1,cf81dd6d5792a407a932a5fd639061c42b162986e902fdf0345df9ff7133cbed
08111,health,none,hidden,voice-eval-split-v1,cfb5a7815ebdc0c425bd71be7348e3f0d087230f088a8d8bfac3b25af790c760
24485,roads,none,hidden,voice-eval-split-v1,d01a327a62bc2eac2b0db130fb714314540e0b0091a53bdd6f1a53fe6bd7dc53
20360,roads,none,hidden,voice-eval-split-v1,d04dd1aacfbe409a496000b81f64e43a0e049c381a927e916015db94f9cc999a
29567,roads,none,hidden,voice-eval-split-v1,d08905fd9dc8e8bba061cc161ddc7b13ba447a4faa2a08e5368e8af47f86c173
21385,education,none,hidden,voice-eval-split-v1,d0956f833157d5b1a5a3a473cd4c83b2fcd433a70cd80827e14156a8afdeb3a4
23443,water,none,hidden,voice-eval-split-v1,d0a1e95ff46721dd3d112a3ebcad3f2441e7493239821a3c77b648bdb9574a17
09201,water,none,hidden,voice-eval-split-v1,d0cb4dbbbc00290ce4d4bf9afda917a0d4026199f4e17bb2aac111f58fa2ac2d
09195,roads,none,hidden,voice-eval-split-v1,d0cbed39477895c00e3ce33ced951c54bb8d20f3dd13136d750f5fba76236b9d
10236,health,none,hidden,voice-eval-split-v1,d1092dfa90bbe3a2f8f3cded42d8b77429a597747ff2d8934e9ab2198ba90a8e
32590,health,none,hidden,voice-eval-split-v1,d157aa3ae56a118e6483c27a8170ddfbf19a206bd688b6b82ac1099b2b610dce
08103,water,none,hidden,voice-eval-split-v1,d1867b28146909c766b8a04baf46a317f4c958e3f099aae7c2921c143ad760fc
03053,education,none,hidden,voice-eval-split-v1,d1c02edfa283c77d2f0369a752b5c41a281082b495d542ea935f39de3df5bc5f
21388,roads,none,hidden,voice-eval-split-v1,d1c85bd93fbb527822ce222faf637494c5b396f46eeb9a4066db33b50f463784
08106,education,none,hidden,voice-eval-split-v1,d1dd15b6594c2c217a040ab4cee515fc77f9365fbff26fb97bbf9b5b4fe6c59b
09152,water,none,hidden,voice-eval-split-v1,d2051834ae5dc78f320278988883d7224f5d17e277615b15090c08df98e165aa
29565,water,none,hidden,voice-eval-split-v1,d24cff929dfae467235ea046c97987b7298b26f0aa264b1b284d1cced4bf0006
09163,education,none,hidden,voice-eval-split-v1,d251b297bf5147606f2979f52972b7b557dc719641a2e798a7ff1ca74c7ce55f
20361,water,none,hidden,voice-eval-split-v1,d255b2a0f34b7e3c920c239fdd8eac6e65cc5661f4d532ead5452bbfa4fafc44
09132,health,none,hidden,voice-eval-split-v1,d263c8be5f3150ad8ad00aa9f1f4aa94ef670ffb0b5e596d6ccfaa28f0d0e204
33603,water,none,hidden,voice-eval-split-v1,d2680137d4f9f4cb68e45c59820b1c6fe5df6b9124e25ee13e7c49a59ab96702
01005,water,none,hidden,voice-eval-split-v1,d26d1ea94f04c9cce76dd2c59b440a710bda6d4ae423e78880d1546f1ae9080d
10221,education,none,hidden,voice-eval-split-v1,d26f8b4bc8d66b866a25ff619b1c5c6dd816c88b23a794eb26859bb19dac60a6
08101,roads,none,hidden,voice-eval-split-v1,d297495f8e481660169baf2560647307984560d07a2fe4c803b06f11b1ff3208
20350,water,none,hidden,voice-eval-split-v1,d2a2d6024d041b23d2d64b8ac2743fcd6394862810412d28b2560efca9bab9fe
22416,roads,none,hidden,voice-eval-split-v1,d2ab8f8b0fcc90aafa3bcaf6b8a515fe3849552cd5bea5bf9450d9ec9caf78ce
12257,water,none,hidden,voice-eval-split-v1,d2abf4076a467a5b1d4185e8a92bd1f425eb66f27452e85fa3ab1839e9f29b70
20351,water,none,hidden,voice-eval-split-v1,d2c2ddc8da7a66969ea94455c8cf8b44f9e662943ae4e5523cbea423eb57df76
18300,water,none,hidden,voice-eval-split-v1,d2dc6a9df37529f683a978f8b3be37351c4c7b9cab4e786b5489357086a144b9
23460,health,none,hidden,voice-eval-split-v1,d30744e214ad8de1e572f345b32bdecb3afb90f080dd631f28ba22c0222c5edd
18323,health,none,hidden,voice-eval-split-v1,d30c5d84b0fb69b22298d9ba8d36d8fcd330509f3ebb6b5d2f6cec92a575c23e
03050,health,none,hidden,voice-eval-split-v1,d3185910bcd5f9e55b08e3221cc0f3b31cb620992e94932effddd5ae7549fa5a
23454,health,none,hidden,voice-eval-split-v1,d3253089fcf562582b2ca4fb3648401f6b51294bbd00a340bc78922feafa9794
03037,education,none,hidden,voice-eval-split-v1,d32eb16492361292b5cfc3b9ad37755faec9f2dacb98b0772f3735101ce85945
19333,roads,none,hidden,voice-eval-split-v1,d34005648c7461cfa47ca720b38fc29f4945a92a69e17a85d7a33f7ab213e284
29555,health,none,hidden,voice-eval-split-v1,d3b729cfcc90c86f9aa4c7ea186c47452c8c0510939ad2b8a4c62bb2e543e1bd
18325,water,none,hidden,voice-eval-split-v1,d3d80daba6fc291e349e41356c4fb2931fa3cbb125007e4dc0cf7361fa40c122
18307,education,none,hidden,voice-eval-split-v1,d400b673bc4b9a97f9dfb7d992060d60098a138ba96e273971c22125a2e22132
08113,water,none,hidden,voice-eval-split-v1,d413deaaa27163aac3ecbbd631463f337b1e07dc88749c64f20792c112f06c93
09133,health,none,hidden,voice-eval-split-v1,d4192c775c2e08d792a6492d80b8cfb02541781e210a035345e4fc5c4831ddf9
32593,water,none,hidden,voice-eval-split-v1,d427e36d60e757e6ac7ccdb9854faceac6dbc5eb42767f07dc2248648e920ef4
29583,water,none,hidden,voice-eval-split-v1,d42ea376c0abde78862e49d7c82d1fa96419cadf59ae29fd7a75b71d8670680b
09189,health,none,hidden,voice-eval-split-v1,d4314047911defd4ebabe1089fe96a1e6a68fc9b2d6a7dc13c50e4d67c6eb7c5
23431,health,none,hidden,voice-eval-split-v1,d461b90283119ffca3619723a04b3a41224123c9112b0dcd2a3df6cc51c01221
09179,water,none,hidden,voice-eval-split-v1,d46e0c3ce6767ca631e180eb9fe768b8a3aec2702138d64aad31995c224ae618
35638,education,none,hidden,voice-eval-split-v1,d47ae4894256203c1f7faa4d7895ae426669af48c0a08d9a25c9b5690ab475d4
09141,roads,none,hidden,voice-eval-split-v1,d47f7ac417cc40072d3b1be9b570a07493d4922d99b97f457b1291dbfb71e861
21370,roads,none,hidden,voice-eval-split-v1,d48a0d05ac30ba8b3e6129c61e08b14f50a36009686a5f3aacb1012508c82d6c
27520,health,none,hidden,voice-eval-split-v1,d4a61c13591ca4a8b5db2ef9692e14644ae7046d8cf9ef5f5d096737b317b63a
03047,water,none,hidden,voice-eval-split-v1,d4bc7944236391645ca9899d2cc8fefb089e030b32fd6452a5dcd89758948925
19327,roads,none,hidden,voice-eval-split-v1,d4c0d7c9b45fc49afaab68eeb39af953a9b5dd4eb805979e5a8cd937a91387fa
18313,roads,none,hidden,voice-eval-split-v1,d4d5a25de0e6a18e58b3b84e806e37ad33650838283c243774e6cabdcd7c4063
09147,water,none,hidden,voice-eval-split-v1,d4fbfcfa0f29afce9c1e62bd22b856118d034a075815dbfd0941dc09a32b999f
05068,health,none,hidden,voice-eval-split-v1,d500f98503c595dbfdb26f9e483958197abb880fe6ea88360b678bde4c4ece31
17299,health,none,hidden,voice-eval-split-v1,d50b2f8e6601c990748c4711007cfc1d56c0e56ebc73271581050cabb96b0fa0
21396,education,none,hidden,voice-eval-split-v1,d50f111f7bd118e3b506018021e58e7911cca88616c6e32562672e25f576040b
32590,education,none,hidden,voice-eval-split-v1,d54bf7bef4782cecf1718aa6d6c3441ce8520e555f3ec5f1041b6edd56d49076
20359,health,none,hidden,voice-eval-split-v1,d555b0ef4b1a471993eadfc213918ac34aa0727c6f6b16152875a3205999f763
29560,education,none,hidden,voice-eval-split-v1,d56704920445fd5be0480e606cd97a8ccb6270b36d95df4dbbad46067a581c2f
05060,roads,none,hidden,voice-eval-split-v1,d5862f63608b05dbec7133f869cc3a598bd959d4c9a13dbab5a9efc3cdcb6c04
01007,roads,none,hidden,voice-eval-split-v1,d6158545c71546e2e22bd3e8932d042dbd85146e1f950d3aad379ad581f28485
10208,water,none,hidden,voice-eval-split-v1,d61a0d32c4f5b731f4c2eb17c8a186bc0f9a26d2522e8300491622822d24fe3e
21373,education,none,hidden,voice-eval-split-v1,d6208cea79b915f007159144d0724f246e4485b188fce17482b701ab4c0c473b
27509,education,none,hidden,voice-eval-split-v1,d62351f83637ac3a6f4911211338f9ea09b8075be7a91010fbb6b916def9e9c9
03052,education,none,hidden,voice-eval-split-v1,d6251bef0b8bdf03167b8c1fa58bd37b2cb5f6b1bba5744f793032337cfbcd89
23438,roads,none,hidden,voice-eval-split-v1,d65040786e560d549891cf7065b3adcb9c134a0149c842f9936f15fd0d20c62e
13271,education,none,hidden,voice-eval-split-v1,d6743cfe264cc4c7148b1bf22836048d0c79ba0c629839e86895047d6b03ade1
01017,water,none,hidden,voice-eval-split-v1,d6c1775cc3558b518ebd7d30ab3415607df07b00bf2617f2db7b10f87b75d651
29555,water,none,hidden,voice-eval-split-v1,d6c1bb41044a7172eed39a1888c3e1ca090c7c3fe3913c2867fe97d698238e38
23463,water,none,hidden,voice-eval-split-v1,d6d45ffc5963f1b7bcc43ee7472f72d8ca1cba29743cd432304b701af4d6d34d
06074,education,none,hidden,voice-eval-split-v1,d6e257fd5bad557e42413dd5e349d0d7bcf22583f744ac21b5cf367210eabbf5
10206,health,none,hidden,voice-eval-split-v1,d723b60ee0c12cbe76d03721670e43519a45f4ece6f2d401ff00e7af35c3c7e7
27510,water,none,hidden,voice-eval-split-v1,d737ce55e48619b0dbf40dd06b111391d5b4f0f8be9ad8c6e25384c8d97723e2
18320,education,none,hidden,voice-eval-split-v1,d738f7e567ac35c92d6f6d0154812e2fbee829d688aadaf8d2817093454418ff
29559,water,none,hidden,voice-eval-split-v1,d742af086aaba8742684759999d742f389d31a113d08b68fb3132188a86ec98c
10227,health,none,hidden,voice-eval-split-v1,d7bea77a14986cb87194b4440df418bdfe9435de392e615ea81e3f38705e6981
08115,health,none,hidden,voice-eval-split-v1,d7de307aafbb514aebf0a83e6304d837db0dc447b41961b51d2919384f32cacb
03047,roads,none,hidden,voice-eval-split-v1,d7ef43a24feefe3992d9cd96a8fdfc3120ac553f0b8c206b76d5087499d7e924
23458,education,none,hidden,voice-eval-split-v1,d83958f13c4606a87479f0fe9d5b224716e76d354fcd83c961a3e29f02b37d58
09147,health,none,hidden,voice-eval-split-v1,d8656de1c903050b562f4cade74d73a3930a44595a85bcfc95b7906c3484d002
05061,water,none,hidden,voice-eval-split-v1,d86a2a8ea557892a26941b3bc678a2cef11f3689df756f96e9c302a5059527b2
21372,roads,none,hidden,voice-eval-split-v1,d8742841c215d077d8704190b7d88256f39b979acc494ee830e6222a0d8a475f
24481,water,none,hidden,voice-eval-split-v1,d87a4f759e98eff2b28c0661cf24501736952f376838b94050f10f364a02b3f7
22408,roads,none,hidden,voice-eval-split-v1,d8838686aa92fcc2cf7ff5387125a99ebcd3b890a9b3ca4410e19b8cb9c5f991
10222,health,none,hidden,voice-eval-split-v1,d89c3e6364804435dd870cec0abc7148c6abe8e6d58bfdd11b3f74c5a076d7da
21373,water,none,hidden,voice-eval-split-v1,d8b06fc5213203deaae14f9cfcb0438441d74faaf36670730be905576ce5e4a9
08123,education,none,hidden,voice-eval-split-v1,d8d05f75431a47fb1b3f66c39293aa6e9e0043637cbfb2f55ca13a4acf985e56
19341,health,none,hidden,voice-eval-split-v1,d8d98454f11fb17b6922e6940c894f724a99d74475315e72a698e04ee884fc19
20364,water,none,hidden,voice-eval-split-v1,d8f533e9e548b08d0713dd4acd8763d021e83e3fba7a9ee18e98b784d8922a2d
33612,water,none,hidden,voice-eval-split-v1,d94cb1d87fd8beee3c4ddd6e760f560451afc12a28ad8fcb0675fd32543ce061
24487,roads,none,hidden,voice-eval-split-v1,d9611e2e5fd70b2b9d90e1e46bedeb48a8df33e54e523c9cf9122be73218d895
09193,education,none,hidden,voice-eval-split-v1,d96d7ca7f2276ea87cfd4a2ffe5fdecc53d8cb2792c234c0d593a5ecd68f90f4
16292,education,none,hidden,voice-eval-split-v1,d97edac56c60b8acf69fd6ac321a5e835d84b8a4c6a1e167e893d2cee443fd6e
10236,education,none,hidden,voice-eval-split-v1,d988c387751c550c6ff762589331dbb2a4efe98a6f86d2c2ad33e163874c9467
23439,roads,none,hidden,voice-eval-split-v1,d98b83a2c8cf067e6f8349a7b2a7523ac3196407a5c1265d731cd23ce70aa75a
23433,education,none,hidden,voice-eval-split-v1,d9a1947e9636b18248a66ea01e58bf4c0e968d292dd7a0978d73d06406355fbf
23456,education,none,hidden,voice-eval-split-v1,d9a787898fa440b01c7f7c4da146a17686dd5c08125d9631e78d70c887bd79b4
12247,roads,none,hidden,voice-eval-split-v1,d9c84a852c5b56082e33c475b876cf529956241c7aac8a7a539b03cb0129b72a
33609,water,none,hidden,voice-eval-split-v1,d9e9c007a0434518df1f41d71662acea9228db8aaec12da036072b7e7e7c75a7
27499,roads,none,hidden,voice-eval-split-v1,d9ef1281f3896cac4181e527274ddefe5ef04ccddf236aac423d0f45b17d19bb
09178,water,none,hidden,voice-eval-split-v1,d9f61e6ea3701ea8b6ee20b7193f5d72592a863b43e2c2e1845c33799d24154c
20351,health,none,hidden,voice-eval-split-v1,da09f720d0a7c55510ed7706dd138bb7c0bff4851343a8a5203d90972590afbf
21381,education,none,hidden,voice-eval-split-v1,da309c09128ae9b7be58eb6327fe02fa6997482ad6bf813c5c15c600ccf5c22a
14273,education,none,hidden,voice-eval-split-v1,da48a7f9669d3ef0d43ea81e32933ef99a5b686d0dfb3a3bc465093331bae692
30585,water,none,hidden,voice-eval-split-v1,da4ca88c230b95b11b7d667bbfa30f2cc0c7bdad126bfeca8637afcafa88b7e6
09138,roads,none,hidden,voice-eval-split-v1,da632adba29e58dbc40dcf965cbbf7b4fa83ec802288f6759b96219dedeae745
08120,roads,none,hidden,voice-eval-split-v1,da7878b16b39c24aa534447c6e80ecdc1722a07367c8922659667b31a963cb04
23466,education,none,hidden,voice-eval-split-v1,da881328a5037df56a97a02e415f4256ff103aeac5a77cc791835639867a347e
08117,health,none,hidden,voice-eval-split-v1,da8e7c00fd74cda6dfb7a2c8a41d139bf0e521cbfc89ea99b122c5ed2441a5eb
01008,education,none,hidden,voice-eval-split-v1,dadebd71643bca0eddddd495a700e91053f20907322d82e11ec733f52842bded
07093,roads,none,hidden,voice-eval-split-v1,db4ff3087bce7fa6e44abba8ce19a4b54ace9d7195de8c4a00c95a5d67c0a3c7
17294,water,none,hidden,voice-eval-split-v1,db53f1dc5aa7629788b01b39239bf22b2859596040974b490f31828e5fa50104
24475,roads,none,hidden,voice-eval-split-v1,db7ded7c9c9d2009a662094920f16f47357e76baff0b9f539cb9049a62439289
33604,roads,none,hidden,voice-eval-split-v1,db8509146f3fb4ded8d15c5a0429e354d7c80903f300e4f78142fe029a24fe68
09189,roads,none,hidden,voice-eval-split-v1,db8b05913eb4a32fb83d04fef358762bc72fea3d021f8d5253e6bc49fb367df1
01018,water,none,hidden,voice-eval-split-v1,dbdea66315ba13df0478e49e48709e86cf204e952d51f4e362061505aa365321
23461,education,none,hidden,voice-eval-split-v1,dbf6f3521f8191badc4cf7b465c91d127b94e1dd9e66fe80b7a7ef64e0f60a7f
18302,health,none,hidden,voice-eval-split-v1,dc377f4f2c508074b099e1c45c1cf5400dce4a7000b5f42d00a11b937be59cb7
23419,education,none,hidden,voice-eval-split-v1,dcb389f13d22dff50b870b4074c98936dec3256e66af6c2007d6273dfb23b309
23436,education,none,hidden,voice-eval-split-v1,dcc9bfd6a5e1bde2c8d2deab70fc51a9123857afa89041805d22ac2e81bffed5
19345,roads,none,hidden,voice-eval-split-v1,dcda2c5029434933135d626b481e8dc60d6026f1bcd82ece13a5e9c167731b34
20352,health,none,hidden,voice-eval-split-v1,dce6d3c50fa31ff50e89e0d1527c82f5c07ead1cfa00c67aabf550b21d01523c
21392,health,none,hidden,voice-eval-split-v1,dd2570222dc84ee26dc54a1070217adc9924b579584b245f5ba6bf707cec21ea
33621,water,none,hidden,voice-eval-split-v1,dd34b38c729fc8b28f953ca4230ac80b60b8284235b5148282e5cefa2698218b
24470,health,none,hidden,voice-eval-split-v1,dd370fa05c728c9ca7b971c858038ee3854879a1d0329f10dae7eb531cf24238
03052,roads,none,hidden,voice-eval-split-v1,dd385d7fa0e8c57c36d3fc5d556074c31f7c328e8212bf45c324f2ab800c582d
09168,education,none,hidden,voice-eval-split-v1,dd3d82bd7af0c4cd9124e75a344cd7ec842cd5fda05549abd87d889479c29b0d
06072,roads,none,hidden,voice-eval-split-v1,dd78889e647d754a3b9989af26386a80cc7226f1fd0769433e7ac3b5a88ee3ee
03054,education,none,hidden,voice-eval-split-v1,dda8a968b083d345f221b2e960f574433ac6a719d233d9e6a11b2dbbbf9a73cf
29584,water,none,hidden,voice-eval-split-v1,ddba278a97bfccade0fc82a54e51d8566b43626e98dda297e54e45c7bb0e620b
27507,education,none,hidden,voice-eval-split-v1,ddfe90976176a5774c09f26e6e5737abb7228bfbd964c7b9fee8afd88051ce9f
10219,water,none,hidden,voice-eval-split-v1,de123c8fdbbc3b51a5b39f080e8fd357aa4b3e117d198ef1836208b2ff4f3cb0
32601,health,none,hidden,voice-eval-split-v1,de3a664f71c60dbd80871f9d4a41f8783e2b76c5229b3b6a7434d1380c63f8aa
28550,roads,none,hidden,voice-eval-split-v1,de5e805bf8bfbba0456a30286061a0ffb28a32318ebfdd4970b9075122cc87ee
03044,health,none,hidden,voice-eval-split-v1,de617d0d23db0e5bb075e459562b0ef78bfa60a1a2be751f1f3b136ab63a0bd4
09147,roads,none,hidden,voice-eval-split-v1,de69e4aa133737a12fbfe78e07d01abc0679daf05873bf41edd6ba2a9fb3588a
03052,water,none,hidden,voice-eval-split-v1,de792ab655e8ffe813d14040c61d0a3d77a9edfd6e03fa65bdfc9933127010a9
33620,roads,none,hidden,voice-eval-split-v1,dea334904c124e177b0ef13047bf640b4c8745dcf1cef4c8678aa083d60f256c
05061,education,none,hidden,voice-eval-split-v1,deafc9a451ce1624653ab7ec7b6e30c5058b30e33a00823da79a0bda2af9f8a8
04055,roads,none,hidden,voice-eval-split-v1,deb9f2daafa701fab44dc3b074dc0f024a30ace6b577007557f48fa8ba988d54
33623,health,none,hidden,voice-eval-split-v1,dec0cdec9b6bdd5e1f82ca03823437cd0115fe7e13c606cadb1e9d75dbcb8510
10224,water,none,hidden,voice-eval-split-v1,dec95ec9dd14a06d5469b909156675c80151b8e8bb1831ecbd7b763a53bde6fc
18308,water,none,hidden,voice-eval-split-v1,ded4e17972961396527c54123fd4da4595ca9e7750b977f9ddd42def2e5b9043
09182,water,none,hidden,voice-eval-split-v1,ded8b31780ac4aa8da274b35e95831a29a4452c2ddd6fcfed0bdd4e31d3f6602
03045,health,none,hidden,voice-eval-split-v1,deeb9d950695c3ce31f552aa33f2dcc63729b1761b32256c59c98407826d1278
20361,roads,none,hidden,voice-eval-split-v1,df140fc9a2b0973bc7e72fb6364a13105c6115645fe80eeced2f4f3f620f723f
10205,water,none,hidden,voice-eval-split-v1,df4cdc357a6560b39e44d225f29da5b577633e3cbf556b013b87a5b657a1d511
23444,water,none,hidden,voice-eval-split-v1,df738e4186364c55d2d0dc606fd3d7ae1463f6f7c8ab69b6e2e98bb9c2d9c265
27519,health,none,hidden,voice-eval-split-v1,df8ce266c4b8abf8c17da5030f22fb2c15162576bbb5d8911ce1e24ab77569a9
05058,education,none,hidden,voice-eval-split-v1,dfa0fc9de84fba880e434a0b2ffc5314933499f230ff906d9ffb55bf171448b8
28535,water,none,hidden,voice-eval-split-v1,dfa2c406c90ad2518b6153a3d1cd2c3c1f132700f22e317964bea13ccd48c202
06084,roads,none,hidden,voice-eval-split-v1,dfa788fc18a6662ee2efe313646fe9ca25fc19b6fb5966ae4ec6b376717cb36b
06087,water,none,hidden,voice-eval-split-v1,dfad9fb1a290f1890fad26c8499d99096f6b56a74da4f4651088b26f6a00ce9f
33615,water,none,hidden,voice-eval-split-v1,dfcb5ede517f07559f7890a525d90317caaddd1db7a05e036753de1ef05d2cf0
09151,water,none,hidden,voice-eval-split-v1,dfcee14a4b20060415f3b778ec24b6610113cc2d8f60a1ab977eb3c4bb0013e3
29583,health,none,hidden,voice-eval-split-v1,dfd4cf28109af1112281ed9bfd6adfe90e7f04d5b0828ca1d786d22345aea057
21378,health,none,hidden,voice-eval-split-v1,dfdb2b5e6ef6b92989f8af80356d7b874fe5d921b62ce5bf854674a92f7e9542
18308,health,none,hidden,voice-eval-split-v1,e019d96dcaac237381573e6de28173d63abd9d226ff077980aa40dc6a3174d19
01013,water,none,hidden,voice-eval-split-v1,e0298e11e28093a59cc9d1a24b62390005a4c539805424eb2dde184b48e2d92c
10223,water,none,hidden,voice-eval-split-v1,e03109bea7f79ce84623518f74bbd1299977347d5f31bd93e831bba77d8bc65f
08114,education,none,hidden,voice-eval-split-v1,e0482e525fb5dfbf69531c4fef02a66eaa59021ddb3a54bafa543620eaa46a5d
33632,health,none,hidden,voice-eval-split-v1,e09a7f5618ba4a1ce72ecd198b02fae0b73e16332fb9fec41fa6c1ea3b7fa398
21384,education,none,hidden,voice-eval-split-v1,e0b21d9e490bd513ac84cc68c02bbf60ca60916f4c6b00f37f9300b263496537
07095,health,none,hidden,voice-eval-split-v1,e0b7bf3d006b64d700f4a2ba2df3a2eaa421c08a0c2577265cd167af523a3c33
03053,health,none,hidden,voice-eval-split-v1,e0e1e1e3c30c771a30e61400fc0ba5982eaf34cbcc9ba61505ea62a698cb9df9
01022,water,none,hidden,voice-eval-split-v1,e0ecb9e3e4b46cb058aee391c08e6a32167ee8d18c45a3e45e94fb131e5f6dba
21377,health,none,hidden,voice-eval-split-v1,e0f2b8fde3b8d94c6d66d8f01ba7cfd5362ed71f7b3439877d4daad5a52abeac
14278,water,none,hidden,voice-eval-split-v1,e0f8161c6cbc2769e03729f70ca5945bf1d26607911bb9929b525e9950a30fe2
09134,education,none,hidden,voice-eval-split-v1,e0f8db810e8de18b480efb313bc3d72becc34a94dda3e40f31f1658d9beabb75
23428,roads,none,hidden,voice-eval-split-v1,e10471121f61675311c8cf3ecdafa4f36bd8f78a79c57c8c762669c95c3b97bf
33602,roads,none,hidden,voice-eval-split-v1,e1174a18ce829cb5a0b3e66b45486cf452c7551ba46d49ea9c72bd0d50bccc7b
17299,education,none,hidden,voice-eval-split-v1,e120f450b191ef952f5378f51fa2c4f5431cf2215d0279f93d9cdfb15b08a559
33611,water,none,hidden,voice-eval-split-v1,e141dbab7e84ecb77f67b3a93bd5756dc4926eed4cfcde6da9d88984f67bd04e
23436,health,none,hidden,voice-eval-split-v1,e149dbfc2ff3bb39d5e3ac215e4c61cd7d9fad32a53fad21a49f4fbb84cb946d
12255,health,none,hidden,voice-eval-split-v1,e14c085b3dcc8565af738ff5f58e868aca232beb5e7e4e8321405be047709041
10221,health,none,hidden,voice-eval-split-v1,e156e7316aa40740d27b4742ac388910d161f4ab4024ddfd0a4625b8fd849ff0
15286,roads,none,hidden,voice-eval-split-v1,e15a16d95d0cde49879cbdc36e97054b64f0439f8be31a06416b99dac3f5695d
11241,education,none,hidden,voice-eval-split-v1,e15b87023815901bc9f6e3cfa23070222f89b01d5f3e4b8b0b6376925bb42e2d
09192,education,none,hidden,voice-eval-split-v1,e166e666a4d8d0b473dc550f1f6e2c1d85c83f9097b80327343ef60398662b83
09183,water,none,hidden,voice-eval-split-v1,e18fda1ebcb5429e4652e18aa7cbadd1eb99a575929ffdfd7acfbb7ce7cc1bd4
13264,roads,none,hidden,voice-eval-split-v1,e1af11a61fb3bdbc39b5d0e270a47cbabf897b16d2d1db03db53c81181c6bd14
10218,roads,none,hidden,voice-eval-split-v1,e1cecc9580839a33f36f4402dff0cd1b8b84290588ec3ff74731b76a2052c6be
21380,water,none,hidden,voice-eval-split-v1,e1d5481a872f96fe379586a30daab5b87c3708fda3096c756cf185c3f701ad59
11241,water,none,hidden,voice-eval-split-v1,e1e711e5218f98e4ac7caa893e5115ac6dc09fac10b46d48fce298c86dc6bc6e
23462,health,none,hidden,voice-eval-split-v1,e239a94355bd7139845e74a6e023e9a402c886077474e72b2395ac60bd169378
20358,health,none,hidden,voice-eval-split-v1,e23fd77c291d47ec7d4f4147f8fc5d400163c50a0a0380fad56877bb4934637a
10205,roads,none,hidden,voice-eval-split-v1,e25c1198fca56daa904b681130cf8c793839d7e00d64a8979ba8a60387ceb5a8
19329,roads,none,hidden,voice-eval-split-v1,e277a6677c7b7de07938b119e6acbc575a4bace413e5ef4554df071c24808636
08102,roads,none,hidden,voice-eval-split-v1,e2a6949a65c15852f4940cb4f97be3c24f1dae90edd3bca2c285d24f5136860a
18321,health,none,hidden,voice-eval-split-v1,e2ce7645519b766c16f02fbd957802dbae933a18228b50f22dea23a04efd3e14
10223,health,none,hidden,voice-eval-split-v1,e2d0c96e3b41e92dbd146909916831f918f6611c41af625c4e7f79964acbaaeb
27497,roads,none,hidden,voice-eval-split-v1,e30a36b89ee32fa540b0d95a3ff95ecb47a4b12602549e6cdbcb27e53b81cee9
12252,health,none,hidden,voice-eval-split-v1,e31efa67a767080ae7efc21d603adfe058cec2edc292b203bf7c400117001c0b
23427,education,none,hidden,voice-eval-split-v1,e333f5afcb5b816acbfd62b27fd17129fad4af5a408d19d90faacdde05b223c8
09172,roads,none,hidden,voice-eval-split-v1,e334b95fc40158062898d0884e710387eb1ee964b873959490c93a1871dba0f4
08120,health,none,hidden,voice-eval-split-v1,e33dfbee57c739217df88857b2ed53fad80e2999778cffece1ef3c63d201719d
21382,water,none,hidden,voice-eval-split-v1,e37e35913dee281eda3a98faaf2b4b4b35b41cd93caa38b210e757b1b530da8d
21398,health,none,hidden,voice-eval-split-v1,e38b7ab8bc83a862af7ffebcaedfdc943e8c96869fdfd4e3171c5496270ab2f3
09170,education,none,hidden,voice-eval-split-v1,e3a8e7573986136b87066d00556d64f26082e84cef9e271c32fff79af9916c89
06083,education,none,hidden,voice-eval-split-v1,e3ad3885d98bfb82c310630e0a06f9c18b86531bef456753f987a964198dab05
09162,health,none,hidden,voice-eval-split-v1,e3b1ee25963b5a10619f8738b47a60d1027c5fcd9ac3f1fec90631b2004a4cbc
03052,health,none,hidden,voice-eval-split-v1,e3e8a9a45459007cd14806a12172aa7fac99461fa98bbf079f2df852b7662b78
23433,roads,none,hidden,voice-eval-split-v1,e425e9a73d488950aba2641971ab06c9e72b3b797906cce4ccf3a27fde0fc4ee
12246,water,none,hidden,voice-eval-split-v1,e457f9ac4026e4c88a1380c21a3a2aeb94c82a98cb300ab27f353c48b0f1e9a0
19344,health,none,hidden,voice-eval-split-v1,e4afc1b737cb42f5dacc5829994a846c505119f1bf7f600fb096d89d75ec637e
08120,education,none,hidden,voice-eval-split-v1,e4d43648348eefcbd2055ab63d3270fd44426ef47446344ac8a133e885dc9b99
28550,water,none,hidden,voice-eval-split-v1,e5370d54ba9fa6bbd1d01933b9425d34c1693ad28ce6b8f099d5fa8adec34bc0
27525,education,none,hidden,voice-eval-split-v1,e53fdb6a45cd7d2b8b97cbec05caeff0dcb47b54d66b9959acd5e84472915e95
28547,water,none,hidden,voice-eval-split-v1,e5404e5121e037fd8e05ed537a32abd7b8711f0ac314cea900e70fb206cf8e77
13269,health,none,hidden,voice-eval-split-v1,e5539952c2cc6fb8728253a886f8ff2632c3490322b2f099ef1e618b68e8b02a
14272,health,none,hidden,voice-eval-split-v1,e56138995bebe324b4926584d48387eb66ccd3b25d69b1176d6924510668831c
17298,roads,none,hidden,voice-eval-split-v1,e56784bf073336367b469604918232a0181f81f77d511fd990b2458e73a2923a
09162,water,none,hidden,voice-eval-split-v1,e5e9ad867719fd212492542f40bab4542d5be6249ae4a8a402b16e5d3408223b
33604,water,none,hidden,voice-eval-split-v1,e5f575cad4f94c11866c4a71e6a9044dd1384f5d7e57a4ef332080ede2e3f2be
12249,water,none,hidden,voice-eval-split-v1,e6091104f7c4843a7a57b4af43b8275d87ab3b839343c290e57bd5e132e36d87
28546,water,none,hidden,voice-eval-split-v1,e6354949410b6ed0446903df8002be383f614b1af03e7c14cca2b03f0cd75e92
27528,water,none,hidden,voice-eval-split-v1,e6499eed853c123637e8b069ba551073c4cd964afadc41a89d1f97b4a1c77067
23440,health,none,hidden,voice-eval-split-v1,e64e7598542bb4885d59b105fc960328b6d2343252188f0961168033ab5c48b6
18318,health,none,hidden,voice-eval-split-v1,e65dc78561285e580b17356db9fe972124c19f2f47882dcc2abe58876b73196b
23456,water,none,hidden,voice-eval-split-v1,e66a90f78f59d88fe65faf961e2652fc007d24682ac6992a2ebbefa49226511d
21390,water,none,hidden,voice-eval-split-v1,e702134ea0fead44db1f9db812fba68138a0809fc058035eee0cc81077d584af
09140,health,none,hidden,voice-eval-split-v1,e7073af03231817112b3882aae78346b34db0ea4e43bd182bf729cefa07a4695
21382,roads,none,hidden,voice-eval-split-v1,e70ee8d60474acdab987170bb7e21c465b2ddde731832dc297beda2f47ef405a
23456,health,none,hidden,voice-eval-split-v1,e730486b5dd1f4c1968f057cededc1d922fad0a4fb142f81cc1f5d77dce04c60
33631,education,none,hidden,voice-eval-split-v1,e77337c5f5c3b71cbaf6caec062b30261536f38ba6659b99cbeb0a7b026f70c8
08131,water,none,hidden,voice-eval-split-v1,e78bf630f39f7c82a86d08f80f16c5e9ffc2251ff1d8ac38d4c81a9beb107cb4
27501,health,none,hidden,voice-eval-split-v1,e7bf3df376ebbfd6c7e59ef94351ee151dd2bdeb267bb2aea00036ead265e408
33605,education,none,hidden,voice-eval-split-v1,e7f498316ab74a6ee925b4daf99b9a4e63caaf3ed5ee32b3df173af1c79d6e0e
24485,education,none,hidden,voice-eval-split-v1,e80a0ea2c9aa2d0745adbb17b2628e97f0bfe4a8887407c02f355a2517f1242f
09191,roads,none,hidden,voice-eval-split-v1,e83666a7e81b2e28ae14fa8e8fd75f1a50433d71e121493d59ad31429a780cc5
19342,education,none,hidden,voice-eval-split-v1,e85ace481e8065772636177309ad3bf4f217af0fdf1a75be8ecc317b4e4ac5d4
09160,water,none,hidden,voice-eval-split-v1,e8648fe6c29504e1aee6b86275c8bb4713ff8ae31423df1043a823897962c053
24473,roads,none,hidden,voice-eval-split-v1,e86a379684950655d9ac4133b41eeb90f66fc1f5c2203af01820cd01225fb9ca
29572,education,none,hidden,voice-eval-split-v1,e86e87be307e45380731188116fc88e0732bbde18b0bc79cd8ab6fb700fb7b8f
21396,health,none,hidden,voice-eval-split-v1,e8832ce9ab1081a1bb7a66a1347ffe9af20161a692304fa327afdefbf07d1fd9
12253,health,none,hidden,voice-eval-split-v1,e88481f9ee6802d1feec6a490f1bec078a18735097e3e827b3736effda57d92f
23429,water,none,hidden,voice-eval-split-v1,e8930b376e7dc6ac1a995454ed57334ae9f0182bd6154455c98e7a90d0efe3df
07091,roads,none,hidden,voice-eval-split-v1,e89ed7911f06b774d33ae68abbc4a82a0b5b66c601b472c4a8ac8433283e5a0c
28534,water,none,hidden,voice-eval-split-v1,e8a42530bdfc98e98bbbd02ecd48520ee6242456d87543f71b02456ebad36882
29566,roads,none,hidden,voice-eval-split-v1,e8e8d267e7052bfe909438c1b946c241c12223cdc5e105c91dcb8a779d666715
22404,roads,none,hidden,voice-eval-split-v1,e8eb5f7c3d549c38e59c3a06aa788d11e6d29c66e76a7167a3f1939f2816c6c8
23465,water,none,hidden,voice-eval-split-v1,e94ac78093c6b970639eb885174123ea4bd0f58ac20856283933de011f147015
22410,education,none,hidden,voice-eval-split-v1,e96509dac7beeca6dde32a61b1fd9cd092cca59e3ad11258468d2fa06cb4a74d
20354,education,none,hidden,voice-eval-split-v1,e9689062bad7924b6622c11d266edd88a49f0580a62107103d11f68b488011a0
27507,roads,none,hidden,voice-eval-split-v1,e9949d67615bea5c3d44787e500ed846f7648f42c98b070fffb717279f024a39
03038,water,none,hidden,voice-eval-split-v1,e9be2db8d73970fda45241c219356d2df581c10165b43979d6e76e8154234ffd
09202,water,none,hidden,voice-eval-split-v1,e9d19d2ad9a382ece9f3b7d912c6f6a6f1f5724831bec63e225ed08159522ec6
24486,roads,none,hidden,voice-eval-split-v1,e9d2c90b16941436ed2bed8b3d02dfd2da6d152fa4dab46328b9c37e543aabe3
10231,water,none,hidden,voice-eval-split-v1,e9e0e4785522687852018c403fe75c394be8045b5adfb566169ea0533a980611
33625,health,none,hidden,voice-eval-split-v1,e9f6ae8c2794ffd5c9a606c228b237e3b2eb0230bff71df6b414261bcc42f280
03048,water,none,hidden,voice-eval-split-v1,ea2e3f7d0216043d9bb0a0e5ea026f27719836a48c72890de23523d61cc9d313
09195,education,none,hidden,voice-eval-split-v1,ea2f67815103d66f6ecfc41b2308b8010af79180c277a758c56fe921d9f659ef
09144,water,none,hidden,voice-eval-split-v1,ea376729d2b3d5e382a0b0e6616a84e92602da4679cce49c16c9dfbed19f33db
23446,roads,none,hidden,voice-eval-split-v1,ea7bff83b29d9a317aa68a5489fa599fe7ddddd17191fb3eb3249c0dac98b4e4
29571,roads,none,hidden,voice-eval-split-v1,ea889fe8811f2705c3aba742d49b6cbfbb89006c18843c48170695c4636e56a1
14280,roads,none,hidden,voice-eval-split-v1,ea8ff3177a8e878862090bf7e8f21f4cd58d8144119deb0806b7d78330b56981
18302,education,none,hidden,voice-eval-split-v1,eab98e56d2ff010bb2833193be4c2c566ae9118fe4eaf2bdc6075df8c4c20b7b
01001,education,none,hidden,voice-eval-split-v1,eaf20fc9d4d3e3586f3b2d37d36e68b99397bac189b8cdebe67ed8136102df79
18304,roads,none,hidden,voice-eval-split-v1,eaf7ba7cb528452cd87b3bf31d2cf54b7bdeeb3bf447e199a1bc6f8ec27e3afe
09153,roads,none,hidden,voice-eval-split-v1,eafc0d9ce2c0c318a4465feb0810a03f9541a100b75364f9dff1ad93c651751d
32592,roads,none,hidden,voice-eval-split-v1,eb09fb97096bff150053a9bc9e70ba01d41d8e900631f843f324d5d98c25c2fe
09152,education,none,hidden,voice-eval-split-v1,eb129731590a34367abfa7a099a53cc5ce047add1183cf7459bf51e6bf14b850
18301,health,none,hidden,voice-eval-split-v1,eb18ac6c8ae8d78a96c72f9ed298137baf9a65184df1b359184df4c80c3c3e9f
29561,water,none,hidden,voice-eval-split-v1,eb23d90706dee494c47e489984f64b240b8b2af0a0dbd5a47c85866fbda1bd58
09186,health,none,hidden,voice-eval-split-v1,eb2417834a23787fd2098f27f8c24641851b28af7afabc6c4fd1b11ffbf802a7
10228,health,none,hidden,voice-eval-split-v1,eb26e8711398a4ce63c70ba7f61c0849ff7538941a3fb969a012672632cb069b
22411,education,none,hidden,voice-eval-split-v1,eb28493f34f52f45755f187faae6956aad52337b8fce5f2040c714728b082c04
05057,education,none,hidden,voice-eval-split-v1,eb29e119682b7d0d585654cd9b2def595c75685b3e4aa7fa70bb85c5bc7b2d72
21386,water,none,hidden,voice-eval-split-v1,eb2cc0de679d1a28fb0097e784b510bcad0984349d1bd1e51fd90e25bde90711
28550,education,none,hidden,voice-eval-split-v1,eb529fda21fdec38291213bea4435cb527efbe7393e901f527edc9d32405fee0
29578,education,none,hidden,voice-eval-split-v1,eb794a0421393813bccf18bf5f860ed3f4c7056204719c24e4ea1294b4e98b7f
29563,roads,none,hidden,voice-eval-split-v1,eb8eaa8d3003247af7b25a565ec14096f7f1801a33639ef2561489077f117da3
06079,health,none,hidden,voice-eval-split-v1,eba1601c36d9b1f8c44ab43f681f3e303b5a1d454122295d31bcbc6d2e42f819
24478,education,none,hidden,voice-eval-split-v1,ebabd5c0b4ae52542063e3a0ef84360ec938649e551a46cd530913c62c78f4b2
12256,roads,none,hidden,voice-eval-split-v1,ebf2ee3c6300ee383917f1ca7009bb34101b230839cec6d4e7fb4bded88c0ccb
10229,roads,none,hidden,voice-eval-split-v1,ec67c79191964093b4eb1b7e4c70bcf8375af3cca29a676fa1d4eb0a5a3f6103
20367,roads,none,hidden,voice-eval-split-v1,ec6aad1d7d3314ba8af4776ae3b89a4e8e2a9ed12a4757d02a24e0db395930d3
24490,education,none,hidden,voice-eval-split-v1,ec6b88e233dd91d0c7b44586caad2385a50352045815121e222924aff8434f95
28548,health,none,hidden,voice-eval-split-v1,ec6ed997b36eb642eb6434587d2064e46e16d6f243f75d5ed726a78f422cf96b
32591,roads,none,hidden,voice-eval-split-v1,ec7ea9b10e639b4a5057a25811b62a5a5fe9bfbc55e30c9b3b2abf26a5a3a43f
21380,roads,none,hidden,voice-eval-split-v1,ec804ded4531e8ac8c87c2dc0cf98510e73e41eb7ab2b3ee077d6847da1f1f6c
33627,water,none,hidden,voice-eval-split-v1,ececbe5779c62355f46e800048582095623b5e3cc76685f08327547db625deca
10206,water,none,hidden,voice-eval-split-v1,ed154111a3e53ec3b740efd20d276108d6d6c5ed05a2af27e02c02c322b4d375
09160,education,none,hidden,voice-eval-split-v1,ed3647cc78a228532c8e3745956c6ff22e8374b1134470d30bba17c072946bf3
09177,water,none,hidden,voice-eval-split-v1,ed39cf94e8a2a17be641e78fc7f4c8250ff4036b33f43cc67f26630c5f393655
25494,water,none,hidden,voice-eval-split-v1,ed92af7b5c007ff1041ee3253d6f45e4b6321f15525495d53a177d20909938b8
28539,health,none,hidden,voice-eval-split-v1,ede2f3e61efcf90fd9c8bd7b5b18554c07681459a8afaf8e0aa93786ccfa99ca
18320,water,none,hidden,voice-eval-split-v1,edfde4d58eb8579781c556873f3b66cfe3a04d30998144dc65023ca4476c48e0
14279,water,none,hidden,voice-eval-split-v1,ee4f95f40269c59846b57c83bb47df6f10efb8900d78369e535cbdfbd8ffccac
01002,health,none,hidden,voice-eval-split-v1,ee5b2236496425e3ef4c58f9f941504a5bb28761e3cbf86636529c8298c2b9c0
20367,water,none,hidden,voice-eval-split-v1,ee6cc494a04e9b862aeec31bb01113c56b1b13ac941ecd5bd413880a0e992721
08099,water,none,hidden,voice-eval-split-v1,ee7aa0c68f5f92ab363f7d4c08aec4d806bc948d0a85209a53447f2ef2a8f380
23447,education,none,hidden,voice-eval-split-v1,eea0c152fc6293c0db831999c3e95d944e1ef72e96808638dfd3e27bdb6096f3
09174,roads,none,hidden,voice-eval-split-v1,eef01776a16270fcfff11c93e0415989e6c7bb9102f802d747b214c69c6560dd
03042,roads,none,hidden,voice-eval-split-v1,efbf26bd6fb49f4932242adc5b9d62438dc531b6984ed969e6bbfa8d316dc385
08117,roads,none,hidden,voice-eval-split-v1,f003079d0d57246972e9c11234d727df8bc8422d4665321446390d97c26013ff
33614,water,none,hidden,voice-eval-split-v1,f0486dc3b57dbf5eaf6774df03cdd2f515f9cf6beb91c1982f201e658a670889
27511,roads,none,hidden,voice-eval-split-v1,f04c314f955dbb8bcccfe6a9462ccf363273b5490710ff08bfe3b47d94c1e2d4
23462,water,none,hidden,voice-eval-split-v1,f0538223bded45719ae060484a905f056c32b581cc39f9e50c70c34765851bee
27501,education,none,hidden,voice-eval-split-v1,f079aeb6d38ada91c462a7a8c30155c3be32c189d9a0696a0a5246e3a68deb61
10239,education,none,hidden,voice-eval-split-v1,f0a93c6d9962c7dc1ae318cfda048f2aef870e128280a112bbcc09ff8447ef3a
09186,roads,none,hidden,voice-eval-split-v1,f1241206b5514271a6dbaead1e78c4c13c63033213be26f5e5ae86565812bc20
18310,education,none,hidden,voice-eval-split-v1,f12cf57365737b04c567fd0248b9f2a27021a937a552a236ff1fe1cfcc5b7199
21395,health,none,hidden,voice-eval-split-v1,f16907fdb6dd5a0c3eeb0de4d28459cfd567bef530348dbe63918fdb5de1e818
17295,roads,none,hidden,voice-eval-split-v1,f1827e4c3e8c43f9dda3c12d1ce7ba49402539a051f15ca59effe63d0cec9ef0
27518,health,none,hidden,voice-eval-split-v1,f1ac6b319c1a8a1d22eaa7830858c1472310a37c0d784716f11f0783499f9312
18305,water,none,hidden,voice-eval-split-v1,f1c5a9b437f4bc0ccbc010dccc56690eada9f13b01ab6b7f0a08f46ec9f69153
14280,health,none,hidden,voice-eval-split-v1,f1d687fbe6c5de186ac2a5125e15c05d0b745a2c9cc6225af01985ec523a3c3f
01009,education,none,hidden,voice-eval-split-v1,f1df69b07ca75ff85c11f0b65cba521f1da8cd34619feb20155003df328ca941
28538,roads,none,hidden,voice-eval-split-v1,f1f064d29ea69e8429281768f276947bd80aea57d3e6de6b7fecb49ab25014aa
03045,water,none,hidden,voice-eval-split-v1,f215c3a0cc0e1e5205c0b284e575207c2272aaad51e41a9a9c0f1d5f04e7c275
13266,health,none,hidden,voice-eval-split-v1,f2311b2f50b9fa53975af177e9d5a8c2c06d9cd4e0dbf68aa7a76b951b5cf14d
03039,water,none,hidden,voice-eval-split-v1,f27bb441e4048832dc0685c36e2643052b5c78633057a6e78da0c8914b6d88e0
11243,water,none,hidden,voice-eval-split-v1,f29b41f827064ee55613231d6bdd0da3a7019b8d26c0b948004e637216706263
09139,education,none,hidden,voice-eval-split-v1,f2cdbb412a079ca444c44cccdc93a1041c54eb4e4450726faa7e2b59de6997b3
10238,health,none,hidden,voice-eval-split-v1,f2eed179dbe44ddad181e295a0e3211cb2c901832be9bad183eb51bea71f326e
17294,education,none,hidden,voice-eval-split-v1,f2fb8cc2ad42cdde414765472c1e3977c1e5096ae29ccea0027281729b425f47
35638,health,none,hidden,voice-eval-split-v1,f30b02197197a5ae9b108cb0da6eeb89742f752d9968c0829e59b9550668df9d
07094,water,none,hidden,voice-eval-split-v1,f317fc4ae6ff2f2acc90c43dcadc4451bb62038c3be70bbb0e75b5925cbaf062
29566,health,none,hidden,voice-eval-split-v1,f329891a761b96b9a450a6ab2088d073c0798b5d73961cf6e4ba696db08ed638
23464,roads,none,hidden,voice-eval-split-v1,f36de47205861d91ee9db3dda1a3e6ff398c3cca1fb9ba39dde9da8274249f7a
18324,water,none,hidden,voice-eval-split-v1,f373e04963c8829390ae5c78a1f67c1d836d67cae6311e1e1a0269e9bb84e0ae
08110,health,none,hidden,voice-eval-split-v1,f39126141229399e3e558c4d8d82e73857500ff1c37ec2884e61e1ae259d06d4
19334,education,none,hidden,voice-eval-split-v1,f3b30bb9a9328487acd738a0595c4dca4f0dcf70fc214ddee680db719ad73428
27529,health,none,hidden,voice-eval-split-v1,f3b51c1d5a3cdadc62b6a89799023d85c2dfaefb9f8d1f85781762e2e70694b7
09190,water,none,hidden,voice-eval-split-v1,f3bd1bd59001addb1e682c41d35e2a109a345aa00d6eb082a784ba3c842f87c0
09146,water,none,hidden,voice-eval-split-v1,f3caec309cb4ab856f56bf2c27d2d404d608a68237c9ac17416b78f23421df76
12245,health,none,hidden,voice-eval-split-v1,f3d41f33cccceda16bf442cb20e0c5ce978ff4662762103edc3ff1f8effa1931
06089,education,none,hidden,voice-eval-split-v1,f3edf7a22df1408ee7dcb234dfe5e0a15474224b014fdf75746337a6890638b8
29556,roads,none,hidden,voice-eval-split-v1,f4160dd4c82f52d666ea5f2338706c624edc946db3153ce907dbe41f04966f9d
09133,roads,none,hidden,voice-eval-split-v1,f420bf32f1a1a0bc84ae5c5360b5fbe874e5f5fa462675a344f84baeb5bdf7b7
28541,water,none,hidden,voice-eval-split-v1,f43c1c0a43b7f02079d2a3e5668840edc66ada4e0db6b76f2a60e90ab3862463
27505,roads,none,hidden,voice-eval-split-v1,f4468a536cae202089b450772fd9f8231e346157ed257dd6f0b12cbe577c0fa2
15288,education,none,hidden,voice-eval-split-v1,f47281a3841c63e684f8f49e13b6756505b527aaa4fa1ed09c91dcf77d992720
29563,water,none,hidden,voice-eval-split-v1,f477c18665702090ec98460e4e20bd44fa6436ef2162a3198792f0e43019508d
24484,water,none,hidden,voice-eval-split-v1,f4b5cc6b1a97ebae510475ea66df1812b9482599378665e28fe1d87fe4ab1249
10239,water,none,hidden,voice-eval-split-v1,f4dec82bb8138dddbfdae5d2389f3208fd41c3cbdd8b87758baa39565f24da73
12248,roads,none,hidden,voice-eval-split-v1,f50dac6a61fbc7d47813c654f5d50a8cc200f28f690e4e2e2e4aa2db16d665c3
30586,roads,none,hidden,voice-eval-split-v1,f53fabd48c3baced6e887775cc7de92c0f5293238b25b4225e07550dd583143e
08111,education,none,hidden,voice-eval-split-v1,f54a9ab01500363255d5dc5ba54f9ea398c7061ba648d205337457dbc98e694c
06073,health,none,hidden,voice-eval-split-v1,f58a55ceea28eadcd5b1770126ffcb4b5b7bd26103ec7384f3ce36406064101f
33607,health,none,hidden,voice-eval-split-v1,f59a656d9a6e5929f8e3293dee1827f38e1c2ba2eb650515e2fe27884a8d22c6
04055,health,none,hidden,voice-eval-split-v1,f5ca9f5f8eb8bcc5323cf8301a769ad605ee166005227e6f849cfa6b1ddbcdb0
32597,water,none,hidden,voice-eval-split-v1,f600b5374116612834eabe2041ed09a766faa2d8831460c8b8bce59399ebf367
20365,water,none,hidden,voice-eval-split-v1,f60580e8323f1033940f48e0c907e93d6206789ce01b20dcbfec95da9afb6758
23421,education,none,hidden,voice-eval-split-v1,f632f893c88cc0767bbc2c9ed797a7510e1c6b7c639a1e370a5ba467e18b20c5
10217,health,none,hidden,voice-eval-split-v1,f637a6850fbcd22df41f755f8586a2654c621ea72d7b287fb75a3af9ceca1c03
09188,health,none,hidden,voice-eval-split-v1,f65afc6129e1a70e44128b5a1e84002b9f91900c6da69610646dea88aaf8abad
27514,health,none,hidden,voice-eval-split-v1,f660e478378f9fdd705c3a051fec9f5999b34a2f9326a106fd0ace95a4883345
27516,roads,none,hidden,voice-eval-split-v1,f66fd7f61f568ae0b4716490ed60e14e1238139d98410681949b47601cbb4bef
29564,health,none,hidden,voice-eval-split-v1,f686b9375153f7126b88c88def4f2655e60471c3088093e35c18d152f7cbf572
09193,water,none,hidden,voice-eval-split-v1,f68a5faa9d2feb0cf46e91435882e3206ea1eb56ef3a7fc010a14d496716e836
33609,health,none,hidden,voice-eval-split-v1,f69210d14e89328ff9f2f6c1b9c9b6f829229be720d61cf0372685ac8762e2a4
27501,roads,none,hidden,voice-eval-split-v1,f693aedd973b9bdf9674fb2f688336fb69224f8e3fd2f75f6f08e70d72406e46
03036,roads,none,hidden,voice-eval-split-v1,f6c76949ce2825a859e6f454d3fd3358ce1c1fe4cc690a7212ecb95d0f1fea86
08120,water,none,hidden,voice-eval-split-v1,f6d3c0c932f8932339ff75db06cc6ed6b3fb9ab04a296b45deb77ab417073260
25495,water,none,hidden,voice-eval-split-v1,f71ea6bce3099dcc32465a800de4a7fca3236fe8cef026140564fa25de3a220e
07092,water,none,hidden,voice-eval-split-v1,f729ccf1c356817ddda8c8023fe66d6e5886b2bdc0380745dcd864bbeba3121b
18326,health,none,hidden,voice-eval-split-v1,f72b912f50a7d13bb6aaa22df01d8c267d85a080484fd68698059ecb89e1dc67
12260,water,none,hidden,voice-eval-split-v1,f7606b289324f02ab3c09bfc935f60de24201ae4511caa32a189e78725d1aefb
20361,health,none,hidden,voice-eval-split-v1,f7679b6708786ac40080f359ec612c379b2bcbbac8f7c0b5284f7c4d106765c0
10212,water,none,hidden,voice-eval-split-v1,f77cdcb2456d85b1b7f6afdee53cfd4c8ec76b0e30cb24a3c532a37ea93ea02d
21389,health,none,hidden,voice-eval-split-v1,f7a3b1b399c37b8d2794c76257ff7e9aa88dadc047a0cfb9c070d333ad88bc08
33633,health,none,hidden,voice-eval-split-v1,f7cb7ee896fb3b8cfc6c99cd8550b7fa9b5544a8e36c5388460c12153966171b
18300,roads,none,hidden,voice-eval-split-v1,f7fabf85ae9acc72814302bddec8cd4bf20d508b112b5c93197ebef8e64d5405
24472,roads,none,hidden,voice-eval-split-v1,f7fb663e4eb20422e0a2fdb2f8270f24a653e7fd55b6c3c7664bbd1ced2349e0
18317,roads,none,hidden,voice-eval-split-v1,f7fcdae94a06fd6d119760ed2988f4c16671e7fa030ea31f7484793d8ec1799f
09169,education,none,hidden,voice-eval-split-v1,f802650ed73ba2d482d35d44f452638c294856e4f966b77458d76548cd646ca0
06078,roads,none,hidden,voice-eval-split-v1,f820f216105b4eb20762ccf7d6c7d0b1d70dffea010cef6c59ec95ad5c91559e
03051,roads,none,hidden,voice-eval-split-v1,f86b1c0c62a905008ea2e05a33bf366c2a9375f23c3ef3ef7f71e348cde4e2c2
10212,health,none,hidden,voice-eval-split-v1,f89aa58986a32ab6eaeddda7767d5bce29d8087a682a810bb725a0adab284372
09184,water,none,hidden,voice-eval-split-v1,f89ecc6b9eb44c450f3134181c16945537d0ffa8b3f1b14910033a3fb6ef3508
12252,roads,none,hidden,voice-eval-split-v1,f8a175b05268f1e736eb426f954c05081abbae010d712afc74223b457323d311
27497,health,none,hidden,voice-eval-split-v1,f8a467ac249a17a77d6df48afaa4577f24aa498fc8cbc0d7f52e2d5d0dc7756e
19335,education,none,hidden,voice-eval-split-v1,f8e636e60e1d80ee8d58c1959a28e6266ce317dbaccdf8720d3a64f4805acded
24493,health,none,hidden,voice-eval-split-v1,f91e75e973ab789b63bdc89579e52f2bbba6f9a675e463c68d5fcf35c2a6cfe9
18326,education,none,hidden,voice-eval-split-v1,f948cad70a180c3cd357dd68b782afc88dcdd398d26150031fda39c6ffa7d9c6
09201,education,none,hidden,voice-eval-split-v1,f985a13387543eebf5050860c96916f6fce9d782f0561b0c2c47f10b8bb2c18a
03053,water,none,hidden,voice-eval-split-v1,f98aed2c7a047713b5958f916fb61a0e27aba415c5cb483340532f3d7d6de772
23444,health,none,hidden,voice-eval-split-v1,f9912f510f2856b69206c9046d69fe6fafde738ea7efd03e366def9a72eb9407
27523,health,none,hidden,voice-eval-split-v1,f9a381dc0afdde45126737a85df73392a568381a5faa73efd4cfc4b436f4ff13
28532,education,none,hidden,voice-eval-split-v1,f9d615f6c0a201ae2d75621aa48236618d9f36968fda2590b13e9a78db5450d2
22416,water,none,hidden,voice-eval-split-v1,f9d8d1c15b8232cee1e49254de94237a00743a0a06925a670b131f504f299c1c
33605,roads,none,hidden,voice-eval-split-v1,f9f72ff50ea7f5da28a309a4fe6533a485b78a12c33afc06754e53590216791e
13266,water,none,hidden,voice-eval-split-v1,f9fa268e0af125190139f711386a201525b4356c4c3fc1da8b9f7e0dfcfb5287
06086,water,none,hidden,voice-eval-split-v1,fa01a68881b56c942ebbb05b7ecc327477ab9ef2f56e6032ab3d228ce036dd67
05058,water,none,hidden,voice-eval-split-v1,fa103c6591f0524e9a7974ffe515b18f2cd121a02d6d0e7639c9e6a4e4f291ad
05063,water,none,hidden,voice-eval-split-v1,fa1dc30e56bf04bb1b6addc93bbd19269d56f67af647290d09a4d305a60c8fc8
21375,water,none,hidden,voice-eval-split-v1,fa341711493c9ea29b033e174b19dcd0724616c49e711ec1c7c04cc53961d7b5
24489,education,none,hidden,voice-eval-split-v1,fa726d33151c367022e26bb6af7e8ac9aa18b36c40745410a98c148491bfbb2f
27502,education,none,hidden,voice-eval-split-v1,fa8913a5c31cfbdc90eaeb4067639f2233d3f00deae81ec2a5824ade63eae364
27519,roads,none,hidden,voice-eval-split-v1,fa92421e1eb578b3c394bb36244a7e10534ba6bb4f73bf38138aa44ccfdf6c23
05059,water,none,hidden,voice-eval-split-v1,fa9c12f0f6c9bdda639e33f5f22e35e46e13d2b00c7e9fce2c27a2609002a6ac
21374,education,none,hidden,voice-eval-split-v1,fb2772cc7d64b3d09722aac3e2776e4d4860e6d9706b530221e873d270a74c05
18317,health,none,hidden,voice-eval-split-v1,fb53827e62b71ed2e7ff58d38e95f58e21b54222b2de5e33f8ce354f2f3f1e00
32595,health,none,hidden,voice-eval-split-v1,fb6caf997a73346cf2ddac766083c8a474f442e482d92da1e28ef3e6fd95a8fb
07095,water,none,hidden,voice-eval-split-v1,fb897b5dd498aa49a5e2d021e2a1bbbf0d5351619bd8649d0b35e938e87b3160
32591,health,none,hidden,voice-eval-split-v1,fbeb3f1962a9a62130c18475f37aeab24eb5e42987e56878cc449e6773594300
06085,water,none,hidden,voice-eval-split-v1,fc0b1daf191c81f039d78bdda96e14e7e742d63202357d717cf289624714d124
27514,roads,none,hidden,voice-eval-split-v1,fc23a3cef6b633fbff25dc67411d8cc810b7e415dc7b6e7010cad5ff3def9de3
09156,health,none,hidden,voice-eval-split-v1,fc928432ce6d7bd0a5374496e600e9883b88e9f57d0cac53e90b9ed6222480e4
03043,health,none,hidden,voice-eval-split-v1,fcc971f1e9ca53a7cacaaffc24913f484d8b63828a2fc1d220b212067edb8b5c
05058,roads,none,hidden,voice-eval-split-v1,fcd78b1110856228ac9a00d9bb9fc4377353378fa1421b590fc5799f8419a2c9
09146,education,none,hidden,voice-eval-split-v1,fceea2ee7b5200eedb976a67ae89c92447ce58f3027ebf66008540a7b695fddc
23423,health,none,hidden,voice-eval-split-v1,fd0608a196697ddf7ee1c018f407530fbbd8d51d5d26879d9a65edaca18c6d4b
14277,roads,none,hidden,voice-eval-split-v1,fd17c2080c6db20218ba2729a5fc26e35ec44ef2f6b18c9125905b1fda13effe
10204,water,none,hidden,voice-eval-split-v1,fd23f8547c9789561f1f2f371838c2dba9bcf58a08692e15cd514fd5016dd695
01013,education,none,hidden,voice-eval-split-v1,fd4616c77760d6c0a7ae528a4200e4c26990566e3727f78d888c3fb1be2330d6
33623,education,none,hidden,voice-eval-split-v1,fd5c769b7a16daedad0d8b436fcc92db60a8f7175d2214d2e14b4977ac60c464
13271,health,none,hidden,voice-eval-split-v1,fd704cd46159f8c79f218dfe7f0aaf8116efc0f99a8aa917d3c0c86b88a3e98d
28536,education,none,hidden,voice-eval-split-v1,fd7ce5be5efce25a538e6beb71f5f7e204ff8176225ccd6dea2ac4395afd1669
16290,education,none,hidden,voice-eval-split-v1,fd80b2f8bd5e8d257e5cc4de4e513c4e3ae4f764590b8d334896418321d8475c
12250,health,none,hidden,voice-eval-split-v1,fd8449ceb981be441f0822e6421aabe3a889e46ac51e29388e80f068c38cb303
09198,water,none,hidden,voice-eval-split-v1,fdb1573073f87c29842b2c298c5d8b2d08c934bf3fb9dfafe8788a90e0074778
01016,roads,none,hidden,voice-eval-split-v1,fdbc7d9fe9f5ba3005e291c9ce1439e1281c30db6368040a1ec75444e147f91b
07090,health,none,hidden,voice-eval-split-v1,fdc5fb20b2351118c1fa5c6e45d5c6249d5c3aa317af6448161cda7bea7455a2
08123,roads,none,hidden,voice-eval-split-v1,fdca9a0baeeb742976757f72b5ce68cc2e8343a5ccbcef81070e638dd2430733
29580,health,none,hidden,voice-eval-split-v1,fdcf26718361fa238d6d694706403ef93a5979fa96e7fb8cffff8ca2ac9d6d5f
15282,health,none,hidden,voice-eval-split-v1,fde8c7f0ea3e0b0bf749ade054ea7e45c786c9a3279f4fdc873db3cb065b81f3
14273,water,none,hidden,voice-eval-split-v1,fe22c210af719605a7ba92ed9ae4ff9d80435643b75fb2dd3b1fedadbbfce1c1
06069,water,none,hidden,voice-eval-split-v1,fe360ba4fd5a37341e3b88e558bb3e79f1b8c4393a5560cc23deb398be22ba5c
27511,water,none,hidden,voice-eval-split-v1,fe471935a42311be3f5fd988c5d9a701513fccfa77b1282745ff2c985ab2e104
08099,education,none,hidden,voice-eval-split-v1,fe53ee112210768ca0a20c22bc14ea254699be27d6442794f854e8b9859571e3
06077,water,none,hidden,voice-eval-split-v1,fe5d0c722a53abf9bb4094a0eccee15617c8ee3d024dcf54c809ebba1ea5a5a0
18303,health,none,hidden,voice-eval-split-v1,fe891b9e050dbec8730fa17f2ade74ba2fe61ddbb4c8d6bb5cc0bc4b9cf999dc
05060,education,none,hidden,voice-eval-split-v1,fea06ea4c63c58ab06a6260f30f48668f9b965df9689dd59d508e93ed3082dfa
07097,health,none,hidden,voice-eval-split-v1,fed7b23cdac8f0df80277821396aa64a3d0e0148a90ac11b69bfa609a4cbfe14
06076,health,none,hidden,voice-eval-split-v1,ff05299032a463220f5deda10d5b6d4022782076f1fe59aeac23aaa014e8b21f
08108,education,none,hidden,voice-eval-split-v1,ff0bc5305d8194cd09abe7c18020435a2b23364c4f6af4508c69db79e008b7df
13269,education,none,hidden,voice-eval-split-v1,ff2f2415e3aae2c11d4aabc1d877dc7040f5c050fa8f48924173b9831ebc9273
21394,roads,none,hidden,voice-eval-split-v1,ff32bfc377967294124cf31592c97f25f0ce395ab4997ffed5983f02890ba290
27529,water,none,hidden,voice-eval-split-v1,ff6419254ffa7c3e95dfd1c4fd59c36462b1c4451faaff9723c9b2da597ea5df
33628,roads,none,hidden,voice-eval-split-v1,ff65e44e0e8c9448a521f1abded4fd28c2a4ceab173f863afb37779ee91f7129
18324,health,none,hidden,voice-eval-split-v1,ff878f432b9106c451126f8b33a7123db397b5aa9cfecf650f26b5b9c33df3fc
33619,roads,none,hidden,voice-eval-split-v1,ff8b7636cd2bab06708e5c158b41e6abe4c34c5b2ba0905a0a6c835ff98c35fa
23450,roads,none,hidden,voice-eval-split-v1,ff936298630fc5ba3d95840547988cbd6d1dfa1c7b9099704ac29809cf60aac0
23454,education,none,hidden,voice-eval-split-v1,ffe180eea89428af081cd3f2141a9cf301292d1f341e44fc976fd6bf5e346304
20350,health,none,hidden,voice-eval-split-v1,ffeb80feeeb03f93a91a77c1f8347a5fb9d63a4c74e37521fa483bfa06ede75a
